tutanak_id,donem,yasama_yili,butce_yili,tarih,tarih_raw,baslik,kaynak_url
998,23,3,2009,2008-11-17,17/11/2008,2009 MALİ YILI MERKEZİ YÖNETİM BÜTÇE KANUNU TASARISI İLE 2007 MALİ YILI MERKEZİ YÖNETİM KESİNHESAP KANUNU TASARISI,https://www.tbmm.gov.tr/Tutanaklar/KomisyonTutanaklariDonemTutanaklari?Kodu=17&DonemKodu=23&YasamaYili=3
999,23,3,2009,2008-11-18,18/11/2008,2009 MALİ YILI MERKEZİ YÖNETİM BÜTÇE KANUNU TASARISI İLE 2007 MALİ YILI MERKEZİ YÖNETİM KESİNHESAP KANUNU TASARISI (DEVAM),https://www.tbmm.gov.tr/Tutanaklar/KomisyonTutanaklariDonemTutanaklari?Kodu=17&DonemKodu=23&YasamaYili=3
1000,23,3,2009,2008-11-20,20/11/2008,2009 MALİ YILI MERKEZİ YÖNETİM BÜTÇE KANUNU TASARISI İLE 2007 MALİ YILI MERKEZİ YÖNETİM KESİNHESAP KANUNU TASARISI (DEVAM),https://www.tbmm.gov.tr/Tutanaklar/KomisyonTutanaklariDonemTutanaklari?Kodu=17&DonemKodu=23&YasamaYili=3
1001,23,3,2009,2008-11-21,21/11/2008,2009 MALİ YILI MERKEZİ YÖNETİM BÜTÇE KANUNU TASARISI İLE 2007 MALİ YILI MERKEZİ YÖNETİM KESİNHESAP KANUNU TASARISI (DEVAM),https://www.tbmm.gov.tr/Tutanaklar/KomisyonTutanaklariDonemTutanaklari?Kodu=17&DonemKodu=23&YasamaYili=3
1019,23,4,2010,2009-10-26,26/10/2009,BÜTÇE VE KESİN HESAP KANUNU TASARILARININ SUNUMU,https://www.tbmm.gov.tr/Tutanaklar/KomisyonTutanaklariDonemTutanaklari?Kodu=17&DonemKodu=23&YasamaYili=4
1004,23,4,2010,2009-11-03,03/11/2009,2010 YILI MERKEZİ YÖNETİM BÜTÇE KANUNU TASARISI İLE 2008 YILI MERKEZİ YÖNETİM KESİNHESAP KANUNU TASARISI,https://www.tbmm.gov.tr/Tutanaklar/KomisyonTutanaklariDonemTutanaklari?Kodu=17&DonemKodu=23&YasamaYili=4
1005,23,4,2010,2009-11-04,04/11/2009,2010 YILI MERKEZİ YÖNETİM BÜTÇE KANUNU TASARISI İLE 2008 YILI MERKEZİ YÖNETİM KESİNHESAP KANUNU TASARISI (DEVAM),https://www.tbmm.gov.tr/Tutanaklar/KomisyonTutanaklariDonemTutanaklari?Kodu=17&DonemKodu=23&YasamaYili=4
1006,23,4,2010,2009-11-05,05/11/2009,2010 YILI MERKEZİ YÖNETİM BÜTÇE KANUNU TASARISI İLE 2008 YILI MERKEZİ YÖNETİM KESİNHESAP KANUNU TASARISI (DEVAM),https://www.tbmm.gov.tr/Tutanaklar/KomisyonTutanaklariDonemTutanaklari?Kodu=17&DonemKodu=23&YasamaYili=4
1008,23,4,2010,2009-11-09,09/11/2009,2010 YILI MERKEZİ YÖNETİM BÜTÇE KANUNU TASARISI İLE 2008 YILI MERKEZİ YÖNETİM KESİNHESAP KANUNU TASARISI (DEVAM),https://www.tbmm.gov.tr/Tutanaklar/KomisyonTutanaklariDonemTutanaklari?Kodu=17&DonemKodu=23&YasamaYili=4
1009,23,4,2010,2009-11-10,10/11/2009,2010 YILI MERKEZİ YÖNETİM BÜTÇE KANUNU TASARISI İLE 2008 YILI MERKEZİ YÖNETİM KESİNHESAP KANUNU TASARISI (DEVAM),https://www.tbmm.gov.tr/Tutanaklar/KomisyonTutanaklariDonemTutanaklari?Kodu=17&DonemKodu=23&YasamaYili=4
1010,23,4,2010,2009-11-11,11/11/2009,2010 YILI MERKEZİ YÖNETİM BÜTÇE KANUNU TASARISI İLE 2008 YILI MERKEZİ YÖNETİM KESİNHESAP KANUNU TASARISI (DEVAM),https://www.tbmm.gov.tr/Tutanaklar/KomisyonTutanaklariDonemTutanaklari?Kodu=17&DonemKodu=23&YasamaYili=4
1011,23,4,2010,2009-11-12,12/11/2009,2010 YILI MERKEZİ YÖNETİM BÜTÇE KANUNU TASARISI İLE 2008 YILI MERKEZİ YÖNETİM KESİNHESAP KANUNU TASARISI (DEVAM),https://www.tbmm.gov.tr/Tutanaklar/KomisyonTutanaklariDonemTutanaklari?Kodu=17&DonemKodu=23&YasamaYili=4
1012,23,4,2010,2009-11-13,13/11/2009,2010 YILI MERKEZİ YÖNETİM BÜTÇE KANUNU TASARISI İLE 2008 YILI MERKEZİ YÖNETİM KESİNHESAP KANUNU TASARISI (DEVAM),https://www.tbmm.gov.tr/Tutanaklar/KomisyonTutanaklariDonemTutanaklari?Kodu=17&DonemKodu=23&YasamaYili=4
1013,23,4,2010,2009-11-16,16/11/2009,2010 YILI MERKEZİ YÖNETİM BÜTÇE KANUNU TASARISI İLE 2008 YILI MERKEZİ YÖNETİM KESİNHESAP KANUNU TASARISI (DEVAM),https://www.tbmm.gov.tr/Tutanaklar/KomisyonTutanaklariDonemTutanaklari?Kodu=17&DonemKodu=23&YasamaYili=4
1014,23,4,2010,2009-11-17,17/11/2009,2010 YILI MERKEZİ YÖNETİM BÜTÇE KANUNU TASARISI İLE 2008 YILI MERKEZİ YÖNETİM KESİNHESAP KANUNU TASARISI (DEVAM),https://www.tbmm.gov.tr/Tutanaklar/KomisyonTutanaklariDonemTutanaklari?Kodu=17&DonemKodu=23&YasamaYili=4
1015,23,4,2010,2009-11-18,18/11/2009,2010 YILI MERKEZİ YÖNETİM BÜTÇE KANUNU TASARISI İLE 2008 YILI MERKEZİ YÖNETİM KESİNHESAP KANUNU TASARISI (DEVAM),https://www.tbmm.gov.tr/Tutanaklar/KomisyonTutanaklariDonemTutanaklari?Kodu=17&DonemKodu=23&YasamaYili=4
1016,23,4,2010,2009-11-19,19/11/2009,2010 YILI MERKEZİ YÖNETİM BÜTÇE KANUNU TASARISI İLE 2008 YILI MERKEZİ YÖNETİM KESİNHESAP KANUNU TASARISI (DEVAM),https://www.tbmm.gov.tr/Tutanaklar/KomisyonTutanaklariDonemTutanaklari?Kodu=17&DonemKodu=23&YasamaYili=4
1017,23,4,2010,2009-11-20,20/11/2009,2010 YILI MERKEZİ YÖNETİM BÜTÇE KANUNU TASARISI İLE 2008 YILI MERKEZİ YÖNETİM KESİNHESAP KANUNU TASARISI (DEVAM),https://www.tbmm.gov.tr/Tutanaklar/KomisyonTutanaklariDonemTutanaklari?Kodu=17&DonemKodu=23&YasamaYili=4
1018,23,4,2010,2009-11-23,23/11/2009,2010 YILI MERKEZİ YÖNETİM BÜTÇE KANUNU TASARISI İLE 2008 YILI MERKEZİ YÖNETİM KESİNHESAP KANUNU TASARISI (DEVAM),https://www.tbmm.gov.tr/Tutanaklar/KomisyonTutanaklariDonemTutanaklari?Kodu=17&DonemKodu=23&YasamaYili=4
1035,23,5,2011,2010-10-26,26/10/2010,MALİYE BAKANININ BÜTÇE VE KESİN HESAP KANUNU TASARILARINI KOMİSYONA SUNUŞU,https://www.tbmm.gov.tr/Tutanaklar/KomisyonTutanaklariDonemTutanaklari?Kodu=17&DonemKodu=23&YasamaYili=5
1021,23,5,2011,2010-11-02,02/11/2010,2011 YILI MERKEZİ YÖNETİM BÜTÇE KANUNU TASARISI İLE 2009 YILI MERKEZİ YÖNETİM KESİNHESAP KANUNU TASARISI,https://www.tbmm.gov.tr/Tutanaklar/KomisyonTutanaklariDonemTutanaklari?Kodu=17&DonemKodu=23&YasamaYili=5
1022,23,5,2011,2010-11-03,03/11/2010,2011 YILI MERKEZİ YÖNETİM BÜTÇE KANUNU TASARISI İLE 2009 YILI MERKEZİ YÖNETİM KESİNHESAP KANUNU TASARISI (DEVAM),https://www.tbmm.gov.tr/Tutanaklar/KomisyonTutanaklariDonemTutanaklari?Kodu=17&DonemKodu=23&YasamaYili=5
1023,23,5,2011,2010-11-04,04/11/2010,2011 YILI MERKEZİ YÖNETİM BÜTÇE KANUNU TASARISI İLE 2009 YILI MERKEZİ YÖNETİM KESİNHESAP KANUNU TASARISI (DEVAM),https://www.tbmm.gov.tr/Tutanaklar/KomisyonTutanaklariDonemTutanaklari?Kodu=17&DonemKodu=23&YasamaYili=5
1024,23,5,2011,2010-11-05,05/11/2010,2011 YILI MERKEZİ YÖNETİM BÜTÇE KANUNU TASARISI İLE 2009 YILI MERKEZİ YÖNETİM KESİNHESAP KANUNU TASARISI (DEVAM),https://www.tbmm.gov.tr/Tutanaklar/KomisyonTutanaklariDonemTutanaklari?Kodu=17&DonemKodu=23&YasamaYili=5
1025,23,5,2011,2010-11-08,08/11/2010,2011 YILI MERKEZİ YÖNETİM BÜTÇE KANUNU TASARISI İLE 2009 YILI MERKEZİ YÖNETİM KESİNHESAP KANUNU TASARISI (DEVAM),https://www.tbmm.gov.tr/Tutanaklar/KomisyonTutanaklariDonemTutanaklari?Kodu=17&DonemKodu=23&YasamaYili=5
1026,23,5,2011,2010-11-09,09/11/2010,2011 YILI MERKEZİ YÖNETİM BÜTÇE KANUNU TASARISI İLE 2009 YILI MERKEZİ YÖNETİM KESİNHESAP KANUNU TASARISI (DEVAM),https://www.tbmm.gov.tr/Tutanaklar/KomisyonTutanaklariDonemTutanaklari?Kodu=17&DonemKodu=23&YasamaYili=5
1027,23,5,2011,2010-11-10,10/11/2010,2011 YILI MERKEZİ YÖNETİM BÜTÇE KANUNU TASARISI İLE 2009 YILI MERKEZİ YÖNETİM KESİNHESAP KANUNU TASARISI (DEVAM),https://www.tbmm.gov.tr/Tutanaklar/KomisyonTutanaklariDonemTutanaklari?Kodu=17&DonemKodu=23&YasamaYili=5
1028,23,5,2011,2010-11-11,11/11/2010,2011 YILI MERKEZİ YÖNETİM BÜTÇE KANUNU TASARISI İLE 2009 YILI MERKEZİ YÖNETİM KESİNHESAP KANUNU TASARISI (DEVAM),https://www.tbmm.gov.tr/Tutanaklar/KomisyonTutanaklariDonemTutanaklari?Kodu=17&DonemKodu=23&YasamaYili=5
1029,23,5,2011,2010-11-12,12/11/2010,2011 YILI MERKEZİ YÖNETİM BÜTÇE KANUNU TASARISI İLE 2009 YILI MERKEZİ YÖNETİM KESİNHESAP KANUNU TASARISI (DEVAM),https://www.tbmm.gov.tr/Tutanaklar/KomisyonTutanaklariDonemTutanaklari?Kodu=17&DonemKodu=23&YasamaYili=5
1030,23,5,2011,2010-11-22,22/11/2010,2011 YILI MERKEZİ YÖNETİM BÜTÇE KANUNU TASARISI İLE 2009 YILI MERKEZİ YÖNETİM KESİNHESAP KANUNU TASARISI (DEVAM),https://www.tbmm.gov.tr/Tutanaklar/KomisyonTutanaklariDonemTutanaklari?Kodu=17&DonemKodu=23&YasamaYili=5
1031,23,5,2011,2010-11-23,23/11/2010,2011 YILI MERKEZİ YÖNETİM BÜTÇE KANUNU TASARISI İLE 2009 YILI MERKEZİ YÖNETİM KESİNHESAP KANUNU TASARISI (DEVAM),https://www.tbmm.gov.tr/Tutanaklar/KomisyonTutanaklariDonemTutanaklari?Kodu=17&DonemKodu=23&YasamaYili=5
1033,23,5,2011,2010-11-24,24/11/2010,2011 YILI MERKEZİ YÖNETİM BÜTÇE KANUNU TASARISI İLE 2009 YILI MERKEZİ YÖNETİM KESİNHESAP KANUNU TASARISI (DEVAM),https://www.tbmm.gov.tr/Tutanaklar/KomisyonTutanaklariDonemTutanaklari?Kodu=17&DonemKodu=23&YasamaYili=5
1077,24,2,2012,2011-10-26,26/10/2011,MALİYE BAKANININ BÜTÇE VE KESİN HESAP KANUNU TASARILARINI KOMİSYONA SUNUŞU,https://www.tbmm.gov.tr/Tutanaklar/KomisyonTutanaklariDonemTutanaklari?Kodu=17&DonemKodu=24&YasamaYili=2
1080,24,2,2012,2011-10-31,31/10/2011,BÜTÇE VE KESİNHESAP KANUNU TASARILARININ TÜMÜ ÜZERİNDE GÖRÜŞMELER,https://www.tbmm.gov.tr/Tutanaklar/KomisyonTutanaklariDonemTutanaklari?Kodu=17&DonemKodu=24&YasamaYili=2
1062,24,2,2012,2011-11-01,01/11/2011,2012 YILI MERKEZİ YÖNETİM BÜTÇE KANUNU TASARISI İLE 2010 YILI MERKEZİ YÖNETİM KESİNHESAP KANUNU TASARISI,https://www.tbmm.gov.tr/Tutanaklar/KomisyonTutanaklariDonemTutanaklari?Kodu=17&DonemKodu=24&YasamaYili=2
1064,24,2,2012,2011-11-02,02/11/2011,2012 YILI MERKEZİ YÖNETİM BÜTÇE KANUNU TASARISI İLE 2010 YILI MERKEZİ YÖNETİM KESİNHESAP KANUNU TASARISI (DEVAM),https://www.tbmm.gov.tr/Tutanaklar/KomisyonTutanaklariDonemTutanaklari?Kodu=17&DonemKodu=24&YasamaYili=2
1066,24,2,2012,2011-11-03,03/11/2011,2012 YILI MERKEZİ YÖNETİM BÜTÇE KANUNU TASARISI İLE 2010 YILI MERKEZİ YÖNETİM KESİNHESAP KANUNU TASARISI (DEVAM),https://www.tbmm.gov.tr/Tutanaklar/KomisyonTutanaklariDonemTutanaklari?Kodu=17&DonemKodu=24&YasamaYili=2
1067,24,2,2012,2011-11-04,04/11/2011,2012 YILI MERKEZİ YÖNETİM BÜTÇE KANUNU TASARISI İLE 2010 YILI MERKEZİ YÖNETİM KESİNHESAP KANUNU TASARISI (DEVAM),https://www.tbmm.gov.tr/Tutanaklar/KomisyonTutanaklariDonemTutanaklari?Kodu=17&DonemKodu=24&YasamaYili=2
1068,24,2,2012,2011-11-14,14/11/2011,2012 YILI MERKEZİ YÖNETİM BÜTÇE KANUNU TASARISI İLE 2010 YILI MERKEZİ YÖNETİM KESİNHESAP KANUNU TASARISI (DEVAM),https://www.tbmm.gov.tr/Tutanaklar/KomisyonTutanaklariDonemTutanaklari?Kodu=17&DonemKodu=24&YasamaYili=2
1069,24,2,2012,2011-11-15,15/11/2011,2012 YILI MERKEZİ YÖNETİM BÜTÇE KANUNU TASARISI İLE 2010 YILI MERKEZİ YÖNETİM KESİNHESAP KANUNU TASARISI (DEVAM),https://www.tbmm.gov.tr/Tutanaklar/KomisyonTutanaklariDonemTutanaklari?Kodu=17&DonemKodu=24&YasamaYili=2
1070,24,2,2012,2011-11-16,16/11/2011,2012 YILI MERKEZİ YÖNETİM BÜTÇE KANUNU TASARISI İLE 2010 YILI MERKEZİ YÖNETİM KESİNHESAP KANUNU TASARISI (DEVAM),https://www.tbmm.gov.tr/Tutanaklar/KomisyonTutanaklariDonemTutanaklari?Kodu=17&DonemKodu=24&YasamaYili=2
1071,24,2,2012,2011-11-17,17/11/2011,2012 YILI MERKEZİ YÖNETİM BÜTÇE KANUNU TASARISI İLE 2010 YILI MERKEZİ YÖNETİM KESİNHESAP KANUNU TASARISI (DEVAM),https://www.tbmm.gov.tr/Tutanaklar/KomisyonTutanaklariDonemTutanaklari?Kodu=17&DonemKodu=24&YasamaYili=2
1072,24,2,2012,2011-11-21,21/11/2011,2012 YILI MERKEZİ YÖNETİM BÜTÇE KANUNU TASARISI İLE 2010 YILI MERKEZİ YÖNETİM KESİNHESAP KANUNU TASARISI (DEVAM),https://www.tbmm.gov.tr/Tutanaklar/KomisyonTutanaklariDonemTutanaklari?Kodu=17&DonemKodu=24&YasamaYili=2
1073,24,2,2012,2011-11-22,22/11/2011,2012 YILI MERKEZİ YÖNETİM BÜTÇE KANUNU TASARISI İLE 2010 YILI MERKEZİ YÖNETİM KESİNHESAP KANUNU TASARISI (DEVAM),https://www.tbmm.gov.tr/Tutanaklar/KomisyonTutanaklariDonemTutanaklari?Kodu=17&DonemKodu=24&YasamaYili=2
1074,24,2,2012,2011-11-23,23/11/2011,2012 YILI MERKEZİ YÖNETİM BÜTÇE KANUNU TASARISI İLE 2010 YILI MERKEZİ YÖNETİM KESİNHESAP KANUNU TASARISI (DEVAM),https://www.tbmm.gov.tr/Tutanaklar/KomisyonTutanaklariDonemTutanaklari?Kodu=17&DonemKodu=24&YasamaYili=2
1075,24,2,2012,2011-11-24,24/11/2011,2012 YILI MERKEZİ YÖNETİM BÜTÇE KANUNU TASARISI İLE 2010 YILI MERKEZİ YÖNETİM KESİNHESAP KANUNU TASARISI (DEVAM),https://www.tbmm.gov.tr/Tutanaklar/KomisyonTutanaklariDonemTutanaklari?Kodu=17&DonemKodu=24&YasamaYili=2
1076,24,2,2012,2011-11-25,25/11/2011,2012 YILI MERKEZİ YÖNETİM BÜTÇE KANUNU TASARISI İLE 2010 YILI MERKEZİ YÖNETİM KESİNHESAP KANUNU TASARISI (DEVAM),https://www.tbmm.gov.tr/Tutanaklar/KomisyonTutanaklariDonemTutanaklari?Kodu=17&DonemKodu=24&YasamaYili=2
1078,24,2,2012,2011-11-26,26/11/2011,2012 YILI MERKEZİ YÖNETİM BÜTÇE KANUNU TASARISI İLE 2010 YILI MERKEZİ YÖNETİM KESİNHESAP KANUNU TASARISI (DEVAM),https://www.tbmm.gov.tr/Tutanaklar/KomisyonTutanaklariDonemTutanaklari?Kodu=17&DonemKodu=24&YasamaYili=2
1096,24,3,2013,2012-10-30,30/10/2012,MALİYE BAKANININ BÜTÇE VE KESİNHESAP KANUNU TASARILARINI KOMİSYONA SUNUŞU,https://www.tbmm.gov.tr/Tutanaklar/KomisyonTutanaklariDonemTutanaklari?Kodu=17&DonemKodu=24&YasamaYili=3
1097,24,3,2013,2012-10-31,31/10/2012,BÜTÇE VE KESİNHESAP KANUNU TASARILARININ GENELİ ÜZERİNDE GÖRÜŞMELER,https://www.tbmm.gov.tr/Tutanaklar/KomisyonTutanaklariDonemTutanaklari?Kodu=17&DonemKodu=24&YasamaYili=3
1081,24,3,2013,2012-11-01,01/11/2012,2013 YILI MERKEZİ YÖNETİM BÜTÇE KANUNU TASARISI İLE 2011 YILI MERKEZİ YÖNETİM KESİNHESAP KANUNU TASARISI,https://www.tbmm.gov.tr/Tutanaklar/KomisyonTutanaklariDonemTutanaklari?Kodu=17&DonemKodu=24&YasamaYili=3
1082,24,3,2013,2012-11-02,02/11/2012,2013 YILI MERKEZİ YÖNETİM BÜTÇE KANUNU TASARISI İLE 2011 YILI MERKEZİ YÖNETİM KESİNHESAP KANUNU TASARISI (DEVAM),https://www.tbmm.gov.tr/Tutanaklar/KomisyonTutanaklariDonemTutanaklari?Kodu=17&DonemKodu=24&YasamaYili=3
1083,24,3,2013,2012-11-05,05/11/2012,2013 YILI MERKEZİ YÖNETİM BÜTÇE KANUNU TASARISI İLE 2011 YILI MERKEZİ YÖNETİM KESİNHESAP KANUNU TASARISI (DEVAM),https://www.tbmm.gov.tr/Tutanaklar/KomisyonTutanaklariDonemTutanaklari?Kodu=17&DonemKodu=24&YasamaYili=3
1084,24,3,2013,2012-11-06,06/11/2012,2013 YILI MERKEZİ YÖNETİM BÜTÇE KANUNU TASARISI İLE 2011 YILI MERKEZİ YÖNETİM KESİNHESAP KANUNU TASARISI (DEVAM),https://www.tbmm.gov.tr/Tutanaklar/KomisyonTutanaklariDonemTutanaklari?Kodu=17&DonemKodu=24&YasamaYili=3
1085,24,3,2013,2012-11-07,07/11/2012,2013 YILI MERKEZİ YÖNETİM BÜTÇE KANUNU TASARISI İLE 2011 YILI MERKEZİ YÖNETİM KESİNHESAP KANUNU TASARISI (DEVAM),https://www.tbmm.gov.tr/Tutanaklar/KomisyonTutanaklariDonemTutanaklari?Kodu=17&DonemKodu=24&YasamaYili=3
1086,24,3,2013,2012-11-08,08/11/2012,2013 YILI MERKEZİ YÖNETİM BÜTÇE KANUNU TASARISI İLE 2011 YILI MERKEZİ YÖNETİM KESİNHESAP KANUNU TASARISI (DEVAM),https://www.tbmm.gov.tr/Tutanaklar/KomisyonTutanaklariDonemTutanaklari?Kodu=17&DonemKodu=24&YasamaYili=3
1087,24,3,2013,2012-11-12,12/11/2012,2013 YILI MERKEZİ YÖNETİM BÜTÇE KANUNU TASARISI İLE 2011 YILI MERKEZİ YÖNETİM KESİNHESAP KANUNU TASARISI (DEVAM),https://www.tbmm.gov.tr/Tutanaklar/KomisyonTutanaklariDonemTutanaklari?Kodu=17&DonemKodu=24&YasamaYili=3
1088,24,3,2013,2012-11-13,13/11/2012,2013 YILI MERKEZİ YÖNETİM BÜTÇE KANUNU TASARISI İLE 2011 YILI MERKEZİ YÖNETİM KESİNHESAP KANUNU TASARISI (DEVAM),https://www.tbmm.gov.tr/Tutanaklar/KomisyonTutanaklariDonemTutanaklari?Kodu=17&DonemKodu=24&YasamaYili=3
1089,24,3,2013,2012-11-14,14/11/2012,2013 YILI MERKEZİ YÖNETİM BÜTÇE KANUNU TASARISI İLE 2011 YILI MERKEZİ YÖNETİM KESİNHESAP KANUNU TASARISI (DEVAM),https://www.tbmm.gov.tr/Tutanaklar/KomisyonTutanaklariDonemTutanaklari?Kodu=17&DonemKodu=24&YasamaYili=3
1090,24,3,2013,2012-11-15,15/11/2012,2013 YILI MERKEZİ YÖNETİM BÜTÇE KANUNU TASARISI İLE 2011 YILI MERKEZİ YÖNETİM KESİNHESAP KANUNU TASARISI (DEVAM),https://www.tbmm.gov.tr/Tutanaklar/KomisyonTutanaklariDonemTutanaklari?Kodu=17&DonemKodu=24&YasamaYili=3
1091,24,3,2013,2012-11-19,19/11/2012,2013 YILI MERKEZİ YÖNETİM BÜTÇE KANUNU TASARISI İLE 2011 YILI MERKEZİ YÖNETİM KESİNHESAP KANUNU TASARISI (DEVAM),https://www.tbmm.gov.tr/Tutanaklar/KomisyonTutanaklariDonemTutanaklari?Kodu=17&DonemKodu=24&YasamaYili=3
1092,24,3,2013,2012-11-20,20/11/2012,2013 YILI MERKEZİ YÖNETİM BÜTÇE KANUNU TASARISI İLE 2011 YILI MERKEZİ YÖNETİM KESİNHESAP KANUNU TASARISI (DEVAM),https://www.tbmm.gov.tr/Tutanaklar/KomisyonTutanaklariDonemTutanaklari?Kodu=17&DonemKodu=24&YasamaYili=3
1093,24,3,2013,2012-11-21,21/11/2012,2013 YILI MERKEZİ YÖNETİM BÜTÇE KANUNU TASARISI İLE 2011 YILI MERKEZİ YÖNETİM KESİNHESAP KANUNU TASARISI (DEVAM),https://www.tbmm.gov.tr/Tutanaklar/KomisyonTutanaklariDonemTutanaklari?Kodu=17&DonemKodu=24&YasamaYili=3
1094,24,3,2013,2012-11-22,22/11/2012,2013 YILI MERKEZİ YÖNETİM BÜTÇE KANUNU TASARISI İLE 2011 YILI MERKEZİ YÖNETİM KESİNHESAP KANUNU TASARISI (DEVAM),https://www.tbmm.gov.tr/Tutanaklar/KomisyonTutanaklariDonemTutanaklari?Kodu=17&DonemKodu=24&YasamaYili=3
1095,24,3,2013,2012-11-26,26/11/2012,2013 YILI MERKEZİ YÖNETİM BÜTÇE KANUNU TASARISI İLE 2011 YILI MERKEZİ YÖNETİM KESİNHESAP KANUNU TASARISI (DEVAM),https://www.tbmm.gov.tr/Tutanaklar/KomisyonTutanaklariDonemTutanaklari?Kodu=17&DonemKodu=24&YasamaYili=3
43,24,4,2014,2013-10-22,22/10/2013,MALİYE BAKANININ BÜTÇE VE KESİNHESAP KANUNU TASARILARINI KOMİSYONA SUNUŞU,https://www.tbmm.gov.tr/Tutanaklar/KomisyonTutanaklariDonemTutanaklari?Kodu=17&DonemKodu=24&YasamaYili=4
31,24,4,2014,2013-10-24,24/10/2013,BÜTÇE VE KESİNHESAP KANUNU TASARILARININ GENELİ İLE SAYIŞTAY TEZKERELERİ ÜZERİNE GÖRÜŞMELER,https://www.tbmm.gov.tr/Tutanaklar/KomisyonTutanaklariDonemTutanaklari?Kodu=17&DonemKodu=24&YasamaYili=4
1038,24,4,2014,2013-11-04,04/11/2013,2014 YILI MERKEZİ YÖNETİM BÜTÇE KANUNU TASARISI İLE 2012 YILI MERKEZİ YÖNETİM KESİNHESAP KANUNU TASARISI,https://www.tbmm.gov.tr/Tutanaklar/KomisyonTutanaklariDonemTutanaklari?Kodu=17&DonemKodu=24&YasamaYili=4
20,24,4,2014,2013-11-05,05/11/2013,2014 YILI MERKEZİ YÖNETİM BÜTÇE KANUNU TASARISI İLE 2012 YILI MERKEZİ YÖNETİM KESİNHESAP KANUNU TASARISI,https://www.tbmm.gov.tr/Tutanaklar/KomisyonTutanaklariDonemTutanaklari?Kodu=17&DonemKodu=24&YasamaYili=4
21,24,4,2014,2013-11-06,06/11/2013,2014 YILI MERKEZİ YÖNETİM BÜTÇE KANUNU TASARISI İLE 2012 YILI MERKEZİ YÖNETİM KESİNHESAP KANUNU TASARISI,https://www.tbmm.gov.tr/Tutanaklar/KomisyonTutanaklariDonemTutanaklari?Kodu=17&DonemKodu=24&YasamaYili=4
22,24,4,2014,2013-11-07,07/11/2013,2014 YILI MERKEZİ YÖNETİM BÜTÇE KANUNU TASARISI İLE 2012 YILI MERKEZİ YÖNETİM KESİNHESAP KANUNU TASARISI,https://www.tbmm.gov.tr/Tutanaklar/KomisyonTutanaklariDonemTutanaklari?Kodu=17&DonemKodu=24&YasamaYili=4
23,24,4,2014,2013-11-11,11/11/2013,2014 YILI MERKEZİ YÖNETİM BÜTÇE KANUNU TASARISI İLE 2012 YILI MERKEZİ YÖNETİM KESİNHESAP KANUNU TASARISI,https://www.tbmm.gov.tr/Tutanaklar/KomisyonTutanaklariDonemTutanaklari?Kodu=17&DonemKodu=24&YasamaYili=4
24,24,4,2014,2013-11-12,12/11/2013,2014 YILI MERKEZİ YÖNETİM BÜTÇE KANUNU TASARISI İLE 2012 YILI MERKEZİ YÖNETİM KESİNHESAP KANUNU TASARISI,https://www.tbmm.gov.tr/Tutanaklar/KomisyonTutanaklariDonemTutanaklari?Kodu=17&DonemKodu=24&YasamaYili=4
190,24,4,2014,2013-11-13,13/11/2013,2014 YILI MERKEZİ YÖNETİM BÜTÇE KANUNU TASARISI İLE 2012 YILI MERKEZİ YÖNETİM KESİNHESAP KANUNU TASARISI,https://www.tbmm.gov.tr/Tutanaklar/KomisyonTutanaklariDonemTutanaklari?Kodu=17&DonemKodu=24&YasamaYili=4
842,24,4,2014,2013-11-14,14/11/2013,2014 YILI MERKEZİ YÖNETİM BÜTÇE KANUNU TASARISI İLE 2012 YILI MERKEZİ YÖNETİM KESİNHESAP KANUNU TASARISI,https://www.tbmm.gov.tr/Tutanaklar/KomisyonTutanaklariDonemTutanaklari?Kodu=17&DonemKodu=24&YasamaYili=4
25,24,4,2014,2013-11-15,15/11/2013,2014 YILI MERKEZİ YÖNETİM BÜTÇE KANUNU TASARISI İLE 2012 YILI MERKEZİ YÖNETİM KESİNHESAP KANUNU TASARISI,https://www.tbmm.gov.tr/Tutanaklar/KomisyonTutanaklariDonemTutanaklari?Kodu=17&DonemKodu=24&YasamaYili=4
26,24,4,2014,2013-11-18,18/11/2013,2014 YILI MERKEZİ YÖNETİM BÜTÇE KANUNU TASARISI İLE 2012 YILI MERKEZİ YÖNETİM KESİNHESAP KANUNU TASARISI,https://www.tbmm.gov.tr/Tutanaklar/KomisyonTutanaklariDonemTutanaklari?Kodu=17&DonemKodu=24&YasamaYili=4
27,24,4,2014,2013-11-19,19/11/2013,2014 YILI MERKEZİ YÖNETİM BÜTÇE KANUNU TASARISI İLE 2012 YILI MERKEZİ YÖNETİM KESİNHESAP KANUNU TASARISI,https://www.tbmm.gov.tr/Tutanaklar/KomisyonTutanaklariDonemTutanaklari?Kodu=17&DonemKodu=24&YasamaYili=4
28,24,4,2014,2013-11-20,20/11/2013,2014 YILI MERKEZİ YÖNETİM BÜTÇE KANUNU TASARISI İLE 2012 YILI MERKEZİ YÖNETİM KESİNHESAP KANUNU TASARISI,https://www.tbmm.gov.tr/Tutanaklar/KomisyonTutanaklariDonemTutanaklari?Kodu=17&DonemKodu=24&YasamaYili=4
29,24,4,2014,2013-11-21,21/11/2013,2014 YILI MERKEZİ YÖNETİM BÜTÇE KANUNU TASARISI İLE 2012 YILI MERKEZİ YÖNETİM KESİNHESAP KANUNU TASARISI,https://www.tbmm.gov.tr/Tutanaklar/KomisyonTutanaklariDonemTutanaklari?Kodu=17&DonemKodu=24&YasamaYili=4
30,24,4,2014,2013-11-22,22/11/2013,2014 YILI MERKEZİ YÖNETİM BÜTÇE KANUNU TASARISI İLE 2012 YILI MERKEZİ YÖNETİM KESİNHESAP KANUNU TASARISI,https://www.tbmm.gov.tr/Tutanaklar/KomisyonTutanaklariDonemTutanaklari?Kodu=17&DonemKodu=24&YasamaYili=4
947,24,5,2015,2014-10-23,23/10/2014,"2015 YILI MERKEZİ YÖNETİM BÜTÇE KANUNU TASARISI İLE 2013 YILI MERKEZİ YÖNETİM KESİNHESAP KANUNU TASARISI VE SAYIŞTAY TEZKERELERİNİN GÖRÜŞÜLME USUL VE ESASLARINA İLİŞKİN USUL HAKKINDA GÖRÜŞMELER
                                                2015 YILI MERKEZİ YÖNETİM BÜTÇE KANUNU TASARISI İLE 2013 YILI MERKEZİ YÖNETİM KESİNHESAP KANUNU TASARISI
                                                YÜKSEKÖĞRETİM PERSONEL KANUNUNDA DEĞİŞİKLİK YAPILMASINA DAİR KANUN TASARISI",https://www.tbmm.gov.tr/Tutanaklar/KomisyonTutanaklariDonemTutanaklari?Kodu=17&DonemKodu=24&YasamaYili=5
952,24,5,2015,2014-11-03,03/11/2014,2015 YILI MERKEZİ YÖNETİM BÜTÇE KANUNU TASARISI İLE 2013 YILI MERKEZİ YÖNETİM KESİNHESAP KANUNU TASARISI (DEVAM),https://www.tbmm.gov.tr/Tutanaklar/KomisyonTutanaklariDonemTutanaklari?Kodu=17&DonemKodu=24&YasamaYili=5
951,24,5,2015,2014-11-04,04/11/2014,2015 YILI MERKEZİ YÖNETİM BÜTÇE KANUNU TASARISI İLE 2013 YILI MERKEZİ YÖNETİM KESİNHESAP KANUNU TASARISI (DEVAM),https://www.tbmm.gov.tr/Tutanaklar/KomisyonTutanaklariDonemTutanaklari?Kodu=17&DonemKodu=24&YasamaYili=5
958,24,5,2015,2014-11-05,05/11/2014,2015 YILI MERKEZİ YÖNETİM BÜTÇE KANUNU TASARISI İLE 2013 YILI MERKEZİ YÖNETİM KESİNHESAP KANUNU TASARISI (DEVAM),https://www.tbmm.gov.tr/Tutanaklar/KomisyonTutanaklariDonemTutanaklari?Kodu=17&DonemKodu=24&YasamaYili=5
960,24,5,2015,2014-11-06,06/11/2014,2015 YILI MERKEZİ YÖNETİM BÜTÇE KANUNU TASARISI İLE 2013 YILI MERKEZİ YÖNETİM KESİNHESAP KANUNU TASARISI (DEVAM),https://www.tbmm.gov.tr/Tutanaklar/KomisyonTutanaklariDonemTutanaklari?Kodu=17&DonemKodu=24&YasamaYili=5
959,24,5,2015,2014-11-07,07/11/2014,2015 YILI MERKEZİ YÖNETİM BÜTÇE KANUNU TASARISI İLE 2013 YILI MERKEZİ YÖNETİM KESİNHESAP KANUNU TASARISI (DEVAM),https://www.tbmm.gov.tr/Tutanaklar/KomisyonTutanaklariDonemTutanaklari?Kodu=17&DonemKodu=24&YasamaYili=5
962,24,5,2015,2014-11-11,11/11/2014,2015 YILI MERKEZİ YÖNETİM BÜTÇE KANUNU TASARISI İLE 2013 YILI MERKEZİ YÖNETİM KESİNHESAP KANUNU TASARISI (DEVAM),https://www.tbmm.gov.tr/Tutanaklar/KomisyonTutanaklariDonemTutanaklari?Kodu=17&DonemKodu=24&YasamaYili=5
963,24,5,2015,2014-11-12,12/11/2014,2015 YILI MERKEZİ YÖNETİM BÜTÇE KANUNU TASARISI İLE 2013 YILI MERKEZİ YÖNETİM KESİNHESAP KANUNU TASARISI (DEVAM),https://www.tbmm.gov.tr/Tutanaklar/KomisyonTutanaklariDonemTutanaklari?Kodu=17&DonemKodu=24&YasamaYili=5
971,24,5,2015,2014-11-13,13/11/2014,2015 YILI MERKEZİ YÖNETİM BÜTÇE KANUNU TASARISI İLE 2013 YILI MERKEZİ YÖNETİM KESİNHESAP KANUNU TASARISI (DEVAM),https://www.tbmm.gov.tr/Tutanaklar/KomisyonTutanaklariDonemTutanaklari?Kodu=17&DonemKodu=24&YasamaYili=5
969,24,5,2015,2014-11-14,14/11/2014,2015 YILI MERKEZİ YÖNETİM BÜTÇE KANUNU TASARISI İLE 2013 YILI MERKEZİ YÖNETİM KESİNHESAP KANUNU TASARISI (DEVAM),https://www.tbmm.gov.tr/Tutanaklar/KomisyonTutanaklariDonemTutanaklari?Kodu=17&DonemKodu=24&YasamaYili=5
973,24,5,2015,2014-11-17,17/11/2014,2015 YILI MERKEZİ YÖNETİM BÜTÇE KANUNU TASARISI İLE 2013 YILI MERKEZİ YÖNETİM KESİNHESAP KANUNU TASARISI (DEVAM),https://www.tbmm.gov.tr/Tutanaklar/KomisyonTutanaklariDonemTutanaklari?Kodu=17&DonemKodu=24&YasamaYili=5
980,24,5,2015,2014-11-18,18/11/2014,2015 YILI MERKEZİ YÖNETİM BÜTÇE KANUNU TASARISI İLE 2013 YILI MERKEZİ YÖNETİM KESİNHESAP KANUNU TASARISI (DEVAM),https://www.tbmm.gov.tr/Tutanaklar/KomisyonTutanaklariDonemTutanaklari?Kodu=17&DonemKodu=24&YasamaYili=5
981,24,5,2015,2014-11-19,19/11/2014,2015 YILI MERKEZİ YÖNETİM BÜTÇE KANUNU TASARISI İLE 2013 YILI MERKEZİ YÖNETİM KESİNHESAP KANUNU TASARISI (DEVAM),https://www.tbmm.gov.tr/Tutanaklar/KomisyonTutanaklariDonemTutanaklari?Kodu=17&DonemKodu=24&YasamaYili=5
982,24,5,2015,2014-11-20,20/11/2014,2015 YILI MERKEZİ YÖNETİM BÜTÇE KANUNU TASARISI İLE 2013 YILI MERKEZİ YÖNETİM KESİNHESAP KANUNU TASARISI (DEVAM),https://www.tbmm.gov.tr/Tutanaklar/KomisyonTutanaklariDonemTutanaklari?Kodu=17&DonemKodu=24&YasamaYili=5
1034,24,5,2015,2014-11-21,21/11/2014,2015 YILI MERKEZİ YÖNETİM BÜTÇE KANUNU TASARISI İLE 2013 YILI MERKEZİ YÖNETİM KESİNHESAP KANUNU TASARISI (DEVAM),https://www.tbmm.gov.tr/Tutanaklar/KomisyonTutanaklariDonemTutanaklari?Kodu=17&DonemKodu=24&YasamaYili=5
1079,24,5,2015,2014-11-24,24/11/2014,2015 YILI MERKEZİ YÖNETİM BÜTÇE KANUNU TASARISI İLE 2013 YILI MERKEZİ YÖNETİM KESİNHESAP KANUNU TASARISI (DEVAM),https://www.tbmm.gov.tr/Tutanaklar/KomisyonTutanaklariDonemTutanaklari?Kodu=17&DonemKodu=24&YasamaYili=5
1098,24,5,2015,2014-11-25,25/11/2014,2015 YILI MERKEZİ YÖNETİM BÜTÇE KANUNU TASARISI İLE 2013 YILI MERKEZİ YÖNETİM KESİNHESAP KANUNU TASARISI (DEVAM),https://www.tbmm.gov.tr/Tutanaklar/KomisyonTutanaklariDonemTutanaklari?Kodu=17&DonemKodu=24&YasamaYili=5
