link_metni,pdf_url_ham,pdf_url,gorusme_tarihi,tip,butce_yili,dosya_adi,yerel_pdf_yol,yerel_txt_yol,kaynak
22 Ekim 2024 Tarihli Görüşme (Bütçe Sunumu),https://www.sbb.gov.tr/wp-content/uploads/2025/02/22-Ekim-2024-Tarihli-Gorusme-Butce-Sunumu.pdf,https://www.sbb.gov.tr/wp-content/uploads/2025/02/22-Ekim-2024-Tarihli-Gorusme-Butce-Sunumu.pdf,2024-10-22,sunum,2025,20241022_sunum_sbb_001.pdf,D:/tbmm-butce-soylem/data/raw/pdf/sbb/20241022_sunum_sbb_001.pdf,D:/tbmm-butce-soylem/data/raw/txt/sbb/20241022_sunum_sbb_001.txt,sbb
30 Ekim 2024 Tarihli Görüşme,https://www.sbb.gov.tr/wp-content/uploads/2025/02/30-Ekim-2024-Tarihli-Gorusme.pdf,https://www.sbb.gov.tr/wp-content/uploads/2025/02/30-Ekim-2024-Tarihli-Gorusme.pdf,2024-10-30,gorusme,2025,20241030_gorusme_sbb_001.pdf,D:/tbmm-butce-soylem/data/raw/pdf/sbb/20241030_gorusme_sbb_001.pdf,D:/tbmm-butce-soylem/data/raw/txt/sbb/20241030_gorusme_sbb_001.txt,sbb
31 Ekim 2024 Tarihli Görüşme,https://www.sbb.gov.tr/wp-content/uploads/2025/02/31-Ekim-2024-Tarihli-Gorusme.pdf,https://www.sbb.gov.tr/wp-content/uploads/2025/02/31-Ekim-2024-Tarihli-Gorusme.pdf,2024-10-31,gorusme,2025,20241031_gorusme_sbb_001.pdf,D:/tbmm-butce-soylem/data/raw/pdf/sbb/20241031_gorusme_sbb_001.pdf,D:/tbmm-butce-soylem/data/raw/txt/sbb/20241031_gorusme_sbb_001.txt,sbb
5 Kasım 2024 Tarihli Görüşme,https://www.sbb.gov.tr/wp-content/uploads/2025/02/5-Kasim-2024-Tarihli-Gorusme.pdf,https://www.sbb.gov.tr/wp-content/uploads/2025/02/5-Kasim-2024-Tarihli-Gorusme.pdf,2024-11-05,gorusme,2025,20241105_gorusme_sbb_001.pdf,D:/tbmm-butce-soylem/data/raw/pdf/sbb/20241105_gorusme_sbb_001.pdf,D:/tbmm-butce-soylem/data/raw/txt/sbb/20241105_gorusme_sbb_001.txt,sbb
6 Kasım 2024 Tarihli Görüşme,https://www.sbb.gov.tr/wp-content/uploads/2025/02/6-Kasim-2024-Tarihli-Gorusme.pdf,https://www.sbb.gov.tr/wp-content/uploads/2025/02/6-Kasim-2024-Tarihli-Gorusme.pdf,2024-11-06,gorusme,2025,20241106_gorusme_sbb_001.pdf,D:/tbmm-butce-soylem/data/raw/pdf/sbb/20241106_gorusme_sbb_001.pdf,D:/tbmm-butce-soylem/data/raw/txt/sbb/20241106_gorusme_sbb_001.txt,sbb
7 Kasım 2024 Tarihli Görüşme,https://www.sbb.gov.tr/wp-content/uploads/2025/02/7-Kasim-2024-Tarihli-Gorusme.pdf,https://www.sbb.gov.tr/wp-content/uploads/2025/02/7-Kasim-2024-Tarihli-Gorusme.pdf,2024-11-07,gorusme,2025,20241107_gorusme_sbb_001.pdf,D:/tbmm-butce-soylem/data/raw/pdf/sbb/20241107_gorusme_sbb_001.pdf,D:/tbmm-butce-soylem/data/raw/txt/sbb/20241107_gorusme_sbb_001.txt,sbb
8 Kasım 2024 Tarihli Görüşme,https://www.sbb.gov.tr/wp-content/uploads/2025/02/8-Kasim-2024-Tarihli-Gorusme.pdf,https://www.sbb.gov.tr/wp-content/uploads/2025/02/8-Kasim-2024-Tarihli-Gorusme.pdf,2024-11-08,gorusme,2025,20241108_gorusme_sbb_001.pdf,D:/tbmm-butce-soylem/data/raw/pdf/sbb/20241108_gorusme_sbb_001.pdf,D:/tbmm-butce-soylem/data/raw/txt/sbb/20241108_gorusme_sbb_001.txt,sbb
12 Kasım 2024 Tarihli Görüşme,https://www.sbb.gov.tr/wp-content/uploads/2025/02/12-Kasim-2024-Tarihli-Gorusme.pdf,https://www.sbb.gov.tr/wp-content/uploads/2025/02/12-Kasim-2024-Tarihli-Gorusme.pdf,2024-11-12,gorusme,2025,20241112_gorusme_sbb_001.pdf,D:/tbmm-butce-soylem/data/raw/pdf/sbb/20241112_gorusme_sbb_001.pdf,D:/tbmm-butce-soylem/data/raw/txt/sbb/20241112_gorusme_sbb_001.txt,sbb
13 Kasım 2024 Tarihli Görüşme,https://www.sbb.gov.tr/wp-content/uploads/2025/02/13-Kasim-2024-Tarihli-Gorusme.pdf,https://www.sbb.gov.tr/wp-content/uploads/2025/02/13-Kasim-2024-Tarihli-Gorusme.pdf,2024-11-13,gorusme,2025,20241113_gorusme_sbb_001.pdf,D:/tbmm-butce-soylem/data/raw/pdf/sbb/20241113_gorusme_sbb_001.pdf,D:/tbmm-butce-soylem/data/raw/txt/sbb/20241113_gorusme_sbb_001.txt,sbb
14 Kasım 2024 Tarihli Görüşme,https://www.sbb.gov.tr/wp-content/uploads/2025/02/14-Kasim-2024-Tarihli-Gorusme.pdf,https://www.sbb.gov.tr/wp-content/uploads/2025/02/14-Kasim-2024-Tarihli-Gorusme.pdf,2024-11-14,gorusme,2025,20241114_gorusme_sbb_001.pdf,D:/tbmm-butce-soylem/data/raw/pdf/sbb/20241114_gorusme_sbb_001.pdf,D:/tbmm-butce-soylem/data/raw/txt/sbb/20241114_gorusme_sbb_001.txt,sbb
15 Kasım 2024 Tarihli Görüşme,https://www.sbb.gov.tr/wp-content/uploads/2025/02/15-Kasim-2024-Tarihli-Gorusme.pdf,https://www.sbb.gov.tr/wp-content/uploads/2025/02/15-Kasim-2024-Tarihli-Gorusme.pdf,2024-11-15,gorusme,2025,20241115_gorusme_sbb_001.pdf,D:/tbmm-butce-soylem/data/raw/pdf/sbb/20241115_gorusme_sbb_001.pdf,D:/tbmm-butce-soylem/data/raw/txt/sbb/20241115_gorusme_sbb_001.txt,sbb
18 Kasım 2024 Tarihli Görüşme,https://www.sbb.gov.tr/wp-content/uploads/2025/02/18-Kasim-2024-Tarihli-Gorusme.pdf,https://www.sbb.gov.tr/wp-content/uploads/2025/02/18-Kasim-2024-Tarihli-Gorusme.pdf,2024-11-18,gorusme,2025,20241118_gorusme_sbb_001.pdf,D:/tbmm-butce-soylem/data/raw/pdf/sbb/20241118_gorusme_sbb_001.pdf,D:/tbmm-butce-soylem/data/raw/txt/sbb/20241118_gorusme_sbb_001.txt,sbb
19 Kasım 2024 Tarihli Görüşme,https://www.sbb.gov.tr/wp-content/uploads/2025/02/19-Kasim-2024-Tarihli-Gorusme.pdf,https://www.sbb.gov.tr/wp-content/uploads/2025/02/19-Kasim-2024-Tarihli-Gorusme.pdf,2024-11-19,gorusme,2025,20241119_gorusme_sbb_001.pdf,D:/tbmm-butce-soylem/data/raw/pdf/sbb/20241119_gorusme_sbb_001.pdf,D:/tbmm-butce-soylem/data/raw/txt/sbb/20241119_gorusme_sbb_001.txt,sbb
20 Kasım 2024 Tarihli Görüşme,https://www.sbb.gov.tr/wp-content/uploads/2025/02/20-Kasim-2024-Tarihli-Gorusme.pdf,https://www.sbb.gov.tr/wp-content/uploads/2025/02/20-Kasim-2024-Tarihli-Gorusme.pdf,2024-11-20,gorusme,2025,20241120_gorusme_sbb_001.pdf,D:/tbmm-butce-soylem/data/raw/pdf/sbb/20241120_gorusme_sbb_001.pdf,D:/tbmm-butce-soylem/data/raw/txt/sbb/20241120_gorusme_sbb_001.txt,sbb
21 Kasım 2024 Tarihli Görüşme,https://www.sbb.gov.tr/wp-content/uploads/2025/02/21-Kasim-2024-Tarihli-Gorusme.pdf,https://www.sbb.gov.tr/wp-content/uploads/2025/02/21-Kasim-2024-Tarihli-Gorusme.pdf,2024-11-21,gorusme,2025,20241121_gorusme_sbb_001.pdf,D:/tbmm-butce-soylem/data/raw/pdf/sbb/20241121_gorusme_sbb_001.pdf,D:/tbmm-butce-soylem/data/raw/txt/sbb/20241121_gorusme_sbb_001.txt,sbb
22 Kasım 2024 Tarihli Görüşme,https://www.sbb.gov.tr/wp-content/uploads/2025/02/22-Kasim-2024-Tarihli-Gorusme.pdf,https://www.sbb.gov.tr/wp-content/uploads/2025/02/22-Kasim-2024-Tarihli-Gorusme.pdf,2024-11-22,gorusme,2025,20241122_gorusme_sbb_001.pdf,D:/tbmm-butce-soylem/data/raw/pdf/sbb/20241122_gorusme_sbb_001.pdf,D:/tbmm-butce-soylem/data/raw/txt/sbb/20241122_gorusme_sbb_001.txt,sbb
25 Kasım 2024 Tarihli Görüşme,https://www.sbb.gov.tr/wp-content/uploads/2025/02/25-Kasim-2024-Tarihli-Gorusme.pdf,https://www.sbb.gov.tr/wp-content/uploads/2025/02/25-Kasim-2024-Tarihli-Gorusme.pdf,2024-11-25,gorusme,2025,20241125_gorusme_sbb_001.pdf,D:/tbmm-butce-soylem/data/raw/pdf/sbb/20241125_gorusme_sbb_001.pdf,D:/tbmm-butce-soylem/data/raw/txt/sbb/20241125_gorusme_sbb_001.txt,sbb
26 Kasım 2024 Tarihli Görüşme,https://www.sbb.gov.tr/wp-content/uploads/2025/02/26-Kasim-2024-Tarihli-Gorusme.pdf,https://www.sbb.gov.tr/wp-content/uploads/2025/02/26-Kasim-2024-Tarihli-Gorusme.pdf,2024-11-26,gorusme,2025,20241126_gorusme_sbb_001.pdf,D:/tbmm-butce-soylem/data/raw/pdf/sbb/20241126_gorusme_sbb_001.pdf,D:/tbmm-butce-soylem/data/raw/txt/sbb/20241126_gorusme_sbb_001.txt,sbb
27 Kasım 2024 Tarihli Görüşme,https://www.sbb.gov.tr/wp-content/uploads/2025/02/27-Kasim-2024-Tarihli-Gorusme.pdf,https://www.sbb.gov.tr/wp-content/uploads/2025/02/27-Kasim-2024-Tarihli-Gorusme.pdf,2024-11-27,gorusme,2025,20241127_gorusme_sbb_001.pdf,D:/tbmm-butce-soylem/data/raw/pdf/sbb/20241127_gorusme_sbb_001.pdf,D:/tbmm-butce-soylem/data/raw/txt/sbb/20241127_gorusme_sbb_001.txt,sbb
28 Kasım 2024 Tarihli Görüşme,https://www.sbb.gov.tr/wp-content/uploads/2025/02/28-Kasim-2024-Tarihli-Gorusme.pdf,https://www.sbb.gov.tr/wp-content/uploads/2025/02/28-Kasim-2024-Tarihli-Gorusme.pdf,2024-11-28,gorusme,2025,20241128_gorusme_sbb_001.pdf,D:/tbmm-butce-soylem/data/raw/pdf/sbb/20241128_gorusme_sbb_001.pdf,D:/tbmm-butce-soylem/data/raw/txt/sbb/20241128_gorusme_sbb_001.txt,sbb
29 Kasım 2024 Tarihli Görüşme,https://www.sbb.gov.tr/wp-content/uploads/2025/02/29-Kasim-2024-Tarihli-Gorusme.pdf,https://www.sbb.gov.tr/wp-content/uploads/2025/02/29-Kasim-2024-Tarihli-Gorusme.pdf,2024-11-29,gorusme,2025,20241129_gorusme_sbb_001.pdf,D:/tbmm-butce-soylem/data/raw/pdf/sbb/20241129_gorusme_sbb_001.pdf,D:/tbmm-butce-soylem/data/raw/txt/sbb/20241129_gorusme_sbb_001.txt,sbb
20 Ekim 2023 Tarihli Görüşme (Bütçe Sunumu),https://www.sbb.gov.tr/wp-content/uploads/2025/02/20-Ekim-2023-Tarihli-Gorusme-Butce-Sunumu.pdf,https://www.sbb.gov.tr/wp-content/uploads/2025/02/20-Ekim-2023-Tarihli-Gorusme-Butce-Sunumu.pdf,2023-10-20,sunum,2024,20231020_sunum_sbb_001.pdf,D:/tbmm-butce-soylem/data/raw/pdf/sbb/20231020_sunum_sbb_001.pdf,D:/tbmm-butce-soylem/data/raw/txt/sbb/20231020_sunum_sbb_001.txt,sbb
26 Ekim 2023 Tarihli Görüşme,https://www.sbb.gov.tr/wp-content/uploads/2025/02/26-Ekim-2023-Tarihli-Gorusme.pdf,https://www.sbb.gov.tr/wp-content/uploads/2025/02/26-Ekim-2023-Tarihli-Gorusme.pdf,2023-10-26,gorusme,2024,20231026_gorusme_sbb_001.pdf,D:/tbmm-butce-soylem/data/raw/pdf/sbb/20231026_gorusme_sbb_001.pdf,D:/tbmm-butce-soylem/data/raw/txt/sbb/20231026_gorusme_sbb_001.txt,sbb
27 Ekim 2023 Tarihli Görüşme,https://www.sbb.gov.tr/wp-content/uploads/2025/02/27-Ekim-2023-Tarihli-Gorusme.pdf,https://www.sbb.gov.tr/wp-content/uploads/2025/02/27-Ekim-2023-Tarihli-Gorusme.pdf,2023-10-27,gorusme,2024,20231027_gorusme_sbb_001.pdf,D:/tbmm-butce-soylem/data/raw/pdf/sbb/20231027_gorusme_sbb_001.pdf,D:/tbmm-butce-soylem/data/raw/txt/sbb/20231027_gorusme_sbb_001.txt,sbb
31 Ekim 2023 Tarihli Görüşme,https://www.sbb.gov.tr/wp-content/uploads/2025/02/31-Ekim-2023-Tarihli-Gorusme.pdf,https://www.sbb.gov.tr/wp-content/uploads/2025/02/31-Ekim-2023-Tarihli-Gorusme.pdf,2023-10-31,gorusme,2024,20231031_gorusme_sbb_001.pdf,D:/tbmm-butce-soylem/data/raw/pdf/sbb/20231031_gorusme_sbb_001.pdf,D:/tbmm-butce-soylem/data/raw/txt/sbb/20231031_gorusme_sbb_001.txt,sbb
1 Kasım 2023 Tarihli Görüşme,https://www.sbb.gov.tr/wp-content/uploads/2025/02/1-Kasim-2023-Tarihli-Gorusme.pdf,https://www.sbb.gov.tr/wp-content/uploads/2025/02/1-Kasim-2023-Tarihli-Gorusme.pdf,2023-11-01,gorusme,2024,20231101_gorusme_sbb_001.pdf,D:/tbmm-butce-soylem/data/raw/pdf/sbb/20231101_gorusme_sbb_001.pdf,D:/tbmm-butce-soylem/data/raw/txt/sbb/20231101_gorusme_sbb_001.txt,sbb
2 Kasım 2023 Tarihli Görüşme,https://www.sbb.gov.tr/wp-content/uploads/2025/02/2-Kasim-2023-Tarihli-Gorusme.pdf,https://www.sbb.gov.tr/wp-content/uploads/2025/02/2-Kasim-2023-Tarihli-Gorusme.pdf,2023-11-02,gorusme,2024,20231102_gorusme_sbb_001.pdf,D:/tbmm-butce-soylem/data/raw/pdf/sbb/20231102_gorusme_sbb_001.pdf,D:/tbmm-butce-soylem/data/raw/txt/sbb/20231102_gorusme_sbb_001.txt,sbb
3 Kasım 2023 Tarihli Görüşme,https://www.sbb.gov.tr/wp-content/uploads/2025/02/3-Kasim-2023-Tarihli-Gorusme.pdf,https://www.sbb.gov.tr/wp-content/uploads/2025/02/3-Kasim-2023-Tarihli-Gorusme.pdf,2023-11-03,gorusme,2024,20231103_gorusme_sbb_001.pdf,D:/tbmm-butce-soylem/data/raw/pdf/sbb/20231103_gorusme_sbb_001.pdf,D:/tbmm-butce-soylem/data/raw/txt/sbb/20231103_gorusme_sbb_001.txt,sbb
7 Kasım 2023 Tarihli Görüşme,https://www.sbb.gov.tr/wp-content/uploads/2025/02/7-Kasim-2023-Tarihli-Gorusme.pdf,https://www.sbb.gov.tr/wp-content/uploads/2025/02/7-Kasim-2023-Tarihli-Gorusme.pdf,2023-11-07,gorusme,2024,20231107_gorusme_sbb_001.pdf,D:/tbmm-butce-soylem/data/raw/pdf/sbb/20231107_gorusme_sbb_001.pdf,D:/tbmm-butce-soylem/data/raw/txt/sbb/20231107_gorusme_sbb_001.txt,sbb
8 Kasım 2023 Tarihli Görüşme,https://www.sbb.gov.tr/wp-content/uploads/2025/02/8-Kasim-2023-Tarihli-Gorusme.pdf,https://www.sbb.gov.tr/wp-content/uploads/2025/02/8-Kasim-2023-Tarihli-Gorusme.pdf,2023-11-08,gorusme,2024,20231108_gorusme_sbb_001.pdf,D:/tbmm-butce-soylem/data/raw/pdf/sbb/20231108_gorusme_sbb_001.pdf,D:/tbmm-butce-soylem/data/raw/txt/sbb/20231108_gorusme_sbb_001.txt,sbb
9 Kasım 2023 Tarihli Görüşme,https://www.sbb.gov.tr/wp-content/uploads/2025/02/9-Kasim-2023-Tarihli-Gorusme.pdf,https://www.sbb.gov.tr/wp-content/uploads/2025/02/9-Kasim-2023-Tarihli-Gorusme.pdf,2023-11-09,gorusme,2024,20231109_gorusme_sbb_001.pdf,D:/tbmm-butce-soylem/data/raw/pdf/sbb/20231109_gorusme_sbb_001.pdf,D:/tbmm-butce-soylem/data/raw/txt/sbb/20231109_gorusme_sbb_001.txt,sbb
10 Kasım 2023 Tarihli Görüşme,https://www.sbb.gov.tr/wp-content/uploads/2025/02/10-Kasim-2023-Tarihli-Gorusme.pdf,https://www.sbb.gov.tr/wp-content/uploads/2025/02/10-Kasim-2023-Tarihli-Gorusme.pdf,2023-11-10,gorusme,2024,20231110_gorusme_sbb_001.pdf,D:/tbmm-butce-soylem/data/raw/pdf/sbb/20231110_gorusme_sbb_001.pdf,D:/tbmm-butce-soylem/data/raw/txt/sbb/20231110_gorusme_sbb_001.txt,sbb
13 Kasım 2023 Tarihli Görüşme,https://www.sbb.gov.tr/wp-content/uploads/2025/02/13-Kasim-2023-Tarihli-Gorusme.pdf,https://www.sbb.gov.tr/wp-content/uploads/2025/02/13-Kasim-2023-Tarihli-Gorusme.pdf,2023-11-13,gorusme,2024,20231113_gorusme_sbb_001.pdf,D:/tbmm-butce-soylem/data/raw/pdf/sbb/20231113_gorusme_sbb_001.pdf,D:/tbmm-butce-soylem/data/raw/txt/sbb/20231113_gorusme_sbb_001.txt,sbb
14 Kasım 2023 Tarihli Görüşme,https://www.sbb.gov.tr/wp-content/uploads/2025/02/14-Kasim-2023-Tarihli-Gorusme.pdf,https://www.sbb.gov.tr/wp-content/uploads/2025/02/14-Kasim-2023-Tarihli-Gorusme.pdf,2023-11-14,gorusme,2024,20231114_gorusme_sbb_001.pdf,D:/tbmm-butce-soylem/data/raw/pdf/sbb/20231114_gorusme_sbb_001.pdf,D:/tbmm-butce-soylem/data/raw/txt/sbb/20231114_gorusme_sbb_001.txt,sbb
15 Kasım 2023 Tarihli Görüşme,https://www.sbb.gov.tr/wp-content/uploads/2025/02/15-Kasim-2023-Tarihli-Gorusme.pdf,https://www.sbb.gov.tr/wp-content/uploads/2025/02/15-Kasim-2023-Tarihli-Gorusme.pdf,2023-11-15,gorusme,2024,20231115_gorusme_sbb_001.pdf,D:/tbmm-butce-soylem/data/raw/pdf/sbb/20231115_gorusme_sbb_001.pdf,D:/tbmm-butce-soylem/data/raw/txt/sbb/20231115_gorusme_sbb_001.txt,sbb
16 Kasım 2023 Tarihli Görüşme,https://www.sbb.gov.tr/wp-content/uploads/2025/02/16-Kasim-2023-Tarihli-Gorusme.pdf,https://www.sbb.gov.tr/wp-content/uploads/2025/02/16-Kasim-2023-Tarihli-Gorusme.pdf,2023-11-16,gorusme,2024,20231116_gorusme_sbb_001.pdf,D:/tbmm-butce-soylem/data/raw/pdf/sbb/20231116_gorusme_sbb_001.pdf,D:/tbmm-butce-soylem/data/raw/txt/sbb/20231116_gorusme_sbb_001.txt,sbb
17 Kasım 2023 Tarihli Görüşme,https://www.sbb.gov.tr/wp-content/uploads/2025/02/17-Kasim-2023-Tarihli-Gorusme.pdf,https://www.sbb.gov.tr/wp-content/uploads/2025/02/17-Kasim-2023-Tarihli-Gorusme.pdf,2023-11-17,gorusme,2024,20231117_gorusme_sbb_001.pdf,D:/tbmm-butce-soylem/data/raw/pdf/sbb/20231117_gorusme_sbb_001.pdf,D:/tbmm-butce-soylem/data/raw/txt/sbb/20231117_gorusme_sbb_001.txt,sbb
20 Kasım 2023 Tarihli Görüşme,https://www.sbb.gov.tr/wp-content/uploads/2025/02/20-Kasim-2023-Tarihli-Gorusme.pdf,https://www.sbb.gov.tr/wp-content/uploads/2025/02/20-Kasim-2023-Tarihli-Gorusme.pdf,2023-11-20,gorusme,2024,20231120_gorusme_sbb_001.pdf,D:/tbmm-butce-soylem/data/raw/pdf/sbb/20231120_gorusme_sbb_001.pdf,D:/tbmm-butce-soylem/data/raw/txt/sbb/20231120_gorusme_sbb_001.txt,sbb
21 Kasım 2023 Tarihli Görüşme,https://www.sbb.gov.tr/wp-content/uploads/2025/02/21-Kasim-2023-Tarihli-Gorusme.pdf,https://www.sbb.gov.tr/wp-content/uploads/2025/02/21-Kasim-2023-Tarihli-Gorusme.pdf,2023-11-21,gorusme,2024,20231121_gorusme_sbb_001.pdf,D:/tbmm-butce-soylem/data/raw/pdf/sbb/20231121_gorusme_sbb_001.pdf,D:/tbmm-butce-soylem/data/raw/txt/sbb/20231121_gorusme_sbb_001.txt,sbb
22 Kasım 2023 Tarihli Görüşme,https://www.sbb.gov.tr/wp-content/uploads/2025/02/22-Kasim-2023-Tarihli-Gorusme.pdf,https://www.sbb.gov.tr/wp-content/uploads/2025/02/22-Kasim-2023-Tarihli-Gorusme.pdf,2023-11-22,gorusme,2024,20231122_gorusme_sbb_001.pdf,D:/tbmm-butce-soylem/data/raw/pdf/sbb/20231122_gorusme_sbb_001.pdf,D:/tbmm-butce-soylem/data/raw/txt/sbb/20231122_gorusme_sbb_001.txt,sbb
23 Kasım 2023 Tarihli Görüşme,https://www.sbb.gov.tr/wp-content/uploads/2025/02/23-Kasim-2023-Tarihli-Gorusme.pdf,https://www.sbb.gov.tr/wp-content/uploads/2025/02/23-Kasim-2023-Tarihli-Gorusme.pdf,2023-11-23,gorusme,2024,20231123_gorusme_sbb_001.pdf,D:/tbmm-butce-soylem/data/raw/pdf/sbb/20231123_gorusme_sbb_001.pdf,D:/tbmm-butce-soylem/data/raw/txt/sbb/20231123_gorusme_sbb_001.txt,sbb
24 Kasım 2023 Tarihli Görüşme,https://www.sbb.gov.tr/wp-content/uploads/2025/02/24-Kasim-2023-Tarihli-Gorusme.pdf,https://www.sbb.gov.tr/wp-content/uploads/2025/02/24-Kasim-2023-Tarihli-Gorusme.pdf,2023-11-24,gorusme,2024,20231124_gorusme_sbb_001.pdf,D:/tbmm-butce-soylem/data/raw/pdf/sbb/20231124_gorusme_sbb_001.pdf,D:/tbmm-butce-soylem/data/raw/txt/sbb/20231124_gorusme_sbb_001.txt,sbb
21 Ekim 2022 Tarihli Görüşme (Bütçe Sunumu),https://www.sbb.gov.tr/wp-content/uploads/2025/02/21-Ekim-2022-Tarihli-Gorusme-Butce-Sunumu.pdf,https://www.sbb.gov.tr/wp-content/uploads/2025/02/21-Ekim-2022-Tarihli-Gorusme-Butce-Sunumu.pdf,2022-10-21,sunum,2023,20221021_sunum_sbb_001.pdf,D:/tbmm-butce-soylem/data/raw/pdf/sbb/20221021_sunum_sbb_001.pdf,D:/tbmm-butce-soylem/data/raw/txt/sbb/20221021_sunum_sbb_001.txt,sbb
26 Ekim 2022 Tarihli Görüşme,https://www.sbb.gov.tr/wp-content/uploads/2025/02/26-Ekim-2022-Tarihli-Gorusme.pdf,https://www.sbb.gov.tr/wp-content/uploads/2025/02/26-Ekim-2022-Tarihli-Gorusme.pdf,2022-10-26,gorusme,2023,20221026_gorusme_sbb_001.pdf,D:/tbmm-butce-soylem/data/raw/pdf/sbb/20221026_gorusme_sbb_001.pdf,D:/tbmm-butce-soylem/data/raw/txt/sbb/20221026_gorusme_sbb_001.txt,sbb
27 Ekim 2022 Tarihli Görüşme,https://www.sbb.gov.tr/wp-content/uploads/2025/02/27-Ekim-2022-Tarihli-Gorusme.pdf,https://www.sbb.gov.tr/wp-content/uploads/2025/02/27-Ekim-2022-Tarihli-Gorusme.pdf,2022-10-27,gorusme,2023,20221027_gorusme_sbb_001.pdf,D:/tbmm-butce-soylem/data/raw/pdf/sbb/20221027_gorusme_sbb_001.pdf,D:/tbmm-butce-soylem/data/raw/txt/sbb/20221027_gorusme_sbb_001.txt,sbb
31 Ekim 2022 Tarihli Görüşme,https://www.sbb.gov.tr/wp-content/uploads/2025/02/31-Ekim-2022-Tarihli-Gorusme.pdf,https://www.sbb.gov.tr/wp-content/uploads/2025/02/31-Ekim-2022-Tarihli-Gorusme.pdf,2022-10-31,gorusme,2023,20221031_gorusme_sbb_001.pdf,D:/tbmm-butce-soylem/data/raw/pdf/sbb/20221031_gorusme_sbb_001.pdf,D:/tbmm-butce-soylem/data/raw/txt/sbb/20221031_gorusme_sbb_001.txt,sbb
1 Kasım 2022 Tarihli Görüşme,https://www.sbb.gov.tr/wp-content/uploads/2025/02/1-Kasim-2022-Tarihli-Gorusme.pdf,https://www.sbb.gov.tr/wp-content/uploads/2025/02/1-Kasim-2022-Tarihli-Gorusme.pdf,2022-11-01,gorusme,2023,20221101_gorusme_sbb_001.pdf,D:/tbmm-butce-soylem/data/raw/pdf/sbb/20221101_gorusme_sbb_001.pdf,D:/tbmm-butce-soylem/data/raw/txt/sbb/20221101_gorusme_sbb_001.txt,sbb
2 Kasım 2022 Tarihli Görüşme,https://www.sbb.gov.tr/wp-content/uploads/2025/02/2-Kasim-2022-Tarihli-Gorusme.pdf,https://www.sbb.gov.tr/wp-content/uploads/2025/02/2-Kasim-2022-Tarihli-Gorusme.pdf,2022-11-02,gorusme,2023,20221102_gorusme_sbb_001.pdf,D:/tbmm-butce-soylem/data/raw/pdf/sbb/20221102_gorusme_sbb_001.pdf,D:/tbmm-butce-soylem/data/raw/txt/sbb/20221102_gorusme_sbb_001.txt,sbb
3 Kasım 2022 Tarihli Görüşme,https://www.sbb.gov.tr/wp-content/uploads/2025/02/3-Kasim-2022-Tarihli-Gorusme.pdf,https://www.sbb.gov.tr/wp-content/uploads/2025/02/3-Kasim-2022-Tarihli-Gorusme.pdf,2022-11-03,gorusme,2023,20221103_gorusme_sbb_001.pdf,D:/tbmm-butce-soylem/data/raw/pdf/sbb/20221103_gorusme_sbb_001.pdf,D:/tbmm-butce-soylem/data/raw/txt/sbb/20221103_gorusme_sbb_001.txt,sbb
7 Kasım 2022 Tarihli Görüşme,https://www.sbb.gov.tr/wp-content/uploads/2025/02/7-Kasim-2022-Tarihli-Gorusme.pdf,https://www.sbb.gov.tr/wp-content/uploads/2025/02/7-Kasim-2022-Tarihli-Gorusme.pdf,2022-11-07,gorusme,2023,20221107_gorusme_sbb_001.pdf,D:/tbmm-butce-soylem/data/raw/pdf/sbb/20221107_gorusme_sbb_001.pdf,D:/tbmm-butce-soylem/data/raw/txt/sbb/20221107_gorusme_sbb_001.txt,sbb
8 Kasım 2022 Tarihli Görüşme,https://www.sbb.gov.tr/wp-content/uploads/2025/02/8-Kasim-2022-Tarihli-Gorusme.pdf,https://www.sbb.gov.tr/wp-content/uploads/2025/02/8-Kasim-2022-Tarihli-Gorusme.pdf,2022-11-08,gorusme,2023,20221108_gorusme_sbb_001.pdf,D:/tbmm-butce-soylem/data/raw/pdf/sbb/20221108_gorusme_sbb_001.pdf,D:/tbmm-butce-soylem/data/raw/txt/sbb/20221108_gorusme_sbb_001.txt,sbb
9 Kasım 2022 Tarihli Görüşme,https://www.sbb.gov.tr/wp-content/uploads/2025/02/9-Kasim-2022-Tarihli-Gorusme.pdf,https://www.sbb.gov.tr/wp-content/uploads/2025/02/9-Kasim-2022-Tarihli-Gorusme.pdf,2022-11-09,gorusme,2023,20221109_gorusme_sbb_001.pdf,D:/tbmm-butce-soylem/data/raw/pdf/sbb/20221109_gorusme_sbb_001.pdf,D:/tbmm-butce-soylem/data/raw/txt/sbb/20221109_gorusme_sbb_001.txt,sbb
10 Kasım 2022 Tarihli Görüşme,https://www.sbb.gov.tr/wp-content/uploads/2025/02/10-Kasim-2022-Tarihli-Gorusme.pdf,https://www.sbb.gov.tr/wp-content/uploads/2025/02/10-Kasim-2022-Tarihli-Gorusme.pdf,2022-11-10,gorusme,2023,20221110_gorusme_sbb_001.pdf,D:/tbmm-butce-soylem/data/raw/pdf/sbb/20221110_gorusme_sbb_001.pdf,D:/tbmm-butce-soylem/data/raw/txt/sbb/20221110_gorusme_sbb_001.txt,sbb
11 Kasım 2022 Tarihli Görüşme,https://www.sbb.gov.tr/wp-content/uploads/2025/02/11-Kasim-2022-Tarihli-Gorusme.pdf,https://www.sbb.gov.tr/wp-content/uploads/2025/02/11-Kasim-2022-Tarihli-Gorusme.pdf,2022-11-11,gorusme,2023,20221111_gorusme_sbb_001.pdf,D:/tbmm-butce-soylem/data/raw/pdf/sbb/20221111_gorusme_sbb_001.pdf,D:/tbmm-butce-soylem/data/raw/txt/sbb/20221111_gorusme_sbb_001.txt,sbb
15 Kasım 2022 Tarihli Görüşme,https://www.sbb.gov.tr/wp-content/uploads/2025/02/15-Kasim-2022-Tarihli-Gorusme.pdf,https://www.sbb.gov.tr/wp-content/uploads/2025/02/15-Kasim-2022-Tarihli-Gorusme.pdf,2022-11-15,gorusme,2023,20221115_gorusme_sbb_001.pdf,D:/tbmm-butce-soylem/data/raw/pdf/sbb/20221115_gorusme_sbb_001.pdf,D:/tbmm-butce-soylem/data/raw/txt/sbb/20221115_gorusme_sbb_001.txt,sbb
16 Kasım 2022 Tarihli Görüşme,https://www.sbb.gov.tr/wp-content/uploads/2025/02/16-Kasim-2022-Tarihli-Gorusme.pdf,https://www.sbb.gov.tr/wp-content/uploads/2025/02/16-Kasim-2022-Tarihli-Gorusme.pdf,2022-11-16,gorusme,2023,20221116_gorusme_sbb_001.pdf,D:/tbmm-butce-soylem/data/raw/pdf/sbb/20221116_gorusme_sbb_001.pdf,D:/tbmm-butce-soylem/data/raw/txt/sbb/20221116_gorusme_sbb_001.txt,sbb
17 Kasım 2022 Tarihli Görüşme,https://www.sbb.gov.tr/wp-content/uploads/2025/02/17-Kasim-2022-Tarihli-Gorusme.pdf,https://www.sbb.gov.tr/wp-content/uploads/2025/02/17-Kasim-2022-Tarihli-Gorusme.pdf,2022-11-17,gorusme,2023,20221117_gorusme_sbb_001.pdf,D:/tbmm-butce-soylem/data/raw/pdf/sbb/20221117_gorusme_sbb_001.pdf,D:/tbmm-butce-soylem/data/raw/txt/sbb/20221117_gorusme_sbb_001.txt,sbb
18 Kasım 2022 Tarihli Görüşme,https://www.sbb.gov.tr/wp-content/uploads/2025/02/18-Kasim-2022-Tarihli-Gorusme.pdf,https://www.sbb.gov.tr/wp-content/uploads/2025/02/18-Kasim-2022-Tarihli-Gorusme.pdf,2022-11-18,gorusme,2023,20221118_gorusme_sbb_001.pdf,D:/tbmm-butce-soylem/data/raw/pdf/sbb/20221118_gorusme_sbb_001.pdf,D:/tbmm-butce-soylem/data/raw/txt/sbb/20221118_gorusme_sbb_001.txt,sbb
21 Kasım 2022 Tarihli Görüşme,https://www.sbb.gov.tr/wp-content/uploads/2025/02/21-Kasim-2022-Tarihli-Gorusme.pdf,https://www.sbb.gov.tr/wp-content/uploads/2025/02/21-Kasim-2022-Tarihli-Gorusme.pdf,2022-11-21,gorusme,2023,20221121_gorusme_sbb_001.pdf,D:/tbmm-butce-soylem/data/raw/pdf/sbb/20221121_gorusme_sbb_001.pdf,D:/tbmm-butce-soylem/data/raw/txt/sbb/20221121_gorusme_sbb_001.txt,sbb
22 Kasım 2022 Tarihli Görüşme,https://www.sbb.gov.tr/wp-content/uploads/2025/02/22-Kasim-2022-Tarihli-Gorusme.pdf,https://www.sbb.gov.tr/wp-content/uploads/2025/02/22-Kasim-2022-Tarihli-Gorusme.pdf,2022-11-22,gorusme,2023,20221122_gorusme_sbb_001.pdf,D:/tbmm-butce-soylem/data/raw/pdf/sbb/20221122_gorusme_sbb_001.pdf,D:/tbmm-butce-soylem/data/raw/txt/sbb/20221122_gorusme_sbb_001.txt,sbb
23 Kasım 2022 Tarihli Görüşme,https://www.sbb.gov.tr/wp-content/uploads/2025/02/23-Kasim-2022-Tarihli-Gorusme.pdf,https://www.sbb.gov.tr/wp-content/uploads/2025/02/23-Kasim-2022-Tarihli-Gorusme.pdf,2022-11-23,gorusme,2023,20221123_gorusme_sbb_001.pdf,D:/tbmm-butce-soylem/data/raw/pdf/sbb/20221123_gorusme_sbb_001.pdf,D:/tbmm-butce-soylem/data/raw/txt/sbb/20221123_gorusme_sbb_001.txt,sbb
24 Kasım 2022 Tarihli Görüşme,https://www.sbb.gov.tr/wp-content/uploads/2025/02/24-Kasim-2022-Tarihli-Gorusme.pdf,https://www.sbb.gov.tr/wp-content/uploads/2025/02/24-Kasim-2022-Tarihli-Gorusme.pdf,2022-11-24,gorusme,2023,20221124_gorusme_sbb_001.pdf,D:/tbmm-butce-soylem/data/raw/pdf/sbb/20221124_gorusme_sbb_001.pdf,D:/tbmm-butce-soylem/data/raw/txt/sbb/20221124_gorusme_sbb_001.txt,sbb
25 Kasım 2022 Tarihli Görüşme,https://www.sbb.gov.tr/wp-content/uploads/2025/02/25-Kasim-2022-Tarihli-Gorusme.pdf,https://www.sbb.gov.tr/wp-content/uploads/2025/02/25-Kasim-2022-Tarihli-Gorusme.pdf,2022-11-25,gorusme,2023,20221125_gorusme_sbb_001.pdf,D:/tbmm-butce-soylem/data/raw/pdf/sbb/20221125_gorusme_sbb_001.pdf,D:/tbmm-butce-soylem/data/raw/txt/sbb/20221125_gorusme_sbb_001.txt,sbb
20 Ekim 2021 Tarihli Görüşme (Bütçe Sunumu),https://www.sbb.gov.tr/wp-content/uploads/2025/02/20-Ekim-2021-Tarihli-Gorusme-Butce-Sunumu.pdf,https://www.sbb.gov.tr/wp-content/uploads/2025/02/20-Ekim-2021-Tarihli-Gorusme-Butce-Sunumu.pdf,2021-10-20,sunum,2022,20211020_sunum_sbb_001.pdf,D:/tbmm-butce-soylem/data/raw/pdf/sbb/20211020_sunum_sbb_001.pdf,D:/tbmm-butce-soylem/data/raw/txt/sbb/20211020_sunum_sbb_001.txt,sbb
26 Ekim 2021 Tarihli Görüşme,https://www.sbb.gov.tr/wp-content/uploads/2025/02/26-Ekim-2021-Tarihli-Gorusme.pdf,https://www.sbb.gov.tr/wp-content/uploads/2025/02/26-Ekim-2021-Tarihli-Gorusme.pdf,2021-10-26,gorusme,2022,20211026_gorusme_sbb_001.pdf,D:/tbmm-butce-soylem/data/raw/pdf/sbb/20211026_gorusme_sbb_001.pdf,D:/tbmm-butce-soylem/data/raw/txt/sbb/20211026_gorusme_sbb_001.txt,sbb
27 Ekim 2021 Tarihli Görüşme,https://www.sbb.gov.tr/wp-content/uploads/2025/02/27-Ekim-2021-Tarihli-Gorusme.pdf,https://www.sbb.gov.tr/wp-content/uploads/2025/02/27-Ekim-2021-Tarihli-Gorusme.pdf,2021-10-27,gorusme,2022,20211027_gorusme_sbb_001.pdf,D:/tbmm-butce-soylem/data/raw/pdf/sbb/20211027_gorusme_sbb_001.pdf,D:/tbmm-butce-soylem/data/raw/txt/sbb/20211027_gorusme_sbb_001.txt,sbb
1 Kasım 2021 Tarihli Görüşme,https://www.sbb.gov.tr/wp-content/uploads/2025/02/1-Kasim-2021-Tarihli-Gorusme.pdf,https://www.sbb.gov.tr/wp-content/uploads/2025/02/1-Kasim-2021-Tarihli-Gorusme.pdf,2021-11-01,gorusme,2022,20211101_gorusme_sbb_001.pdf,D:/tbmm-butce-soylem/data/raw/pdf/sbb/20211101_gorusme_sbb_001.pdf,D:/tbmm-butce-soylem/data/raw/txt/sbb/20211101_gorusme_sbb_001.txt,sbb
2 Kasım 2021 Tarihli Görüşme,https://www.sbb.gov.tr/wp-content/uploads/2025/02/2-Kasim-2021-Tarihli-Gorusme.pdf,https://www.sbb.gov.tr/wp-content/uploads/2025/02/2-Kasim-2021-Tarihli-Gorusme.pdf,2021-11-02,gorusme,2022,20211102_gorusme_sbb_001.pdf,D:/tbmm-butce-soylem/data/raw/pdf/sbb/20211102_gorusme_sbb_001.pdf,D:/tbmm-butce-soylem/data/raw/txt/sbb/20211102_gorusme_sbb_001.txt,sbb
3 Kasım 2021 Tarihli Görüşme,https://www.sbb.gov.tr/wp-content/uploads/2025/02/3-Kasim-2021-Tarihli-Gorusme.pdf,https://www.sbb.gov.tr/wp-content/uploads/2025/02/3-Kasim-2021-Tarihli-Gorusme.pdf,2021-11-03,gorusme,2022,20211103_gorusme_sbb_001.pdf,D:/tbmm-butce-soylem/data/raw/pdf/sbb/20211103_gorusme_sbb_001.pdf,D:/tbmm-butce-soylem/data/raw/txt/sbb/20211103_gorusme_sbb_001.txt,sbb
4 Kasım 2021 Tarihli Görüşme,https://www.sbb.gov.tr/wp-content/uploads/2025/02/4-Kasim-2021-Tarihli-Gorusme.pdf,https://www.sbb.gov.tr/wp-content/uploads/2025/02/4-Kasim-2021-Tarihli-Gorusme.pdf,2021-11-04,gorusme,2022,20211104_gorusme_sbb_001.pdf,D:/tbmm-butce-soylem/data/raw/pdf/sbb/20211104_gorusme_sbb_001.pdf,D:/tbmm-butce-soylem/data/raw/txt/sbb/20211104_gorusme_sbb_001.txt,sbb
5 Kasım 2021 Tarihli Görüşme,https://www.sbb.gov.tr/wp-content/uploads/2025/02/5-Kasim-2021-Tarihli-Gorusme.pdf,https://www.sbb.gov.tr/wp-content/uploads/2025/02/5-Kasim-2021-Tarihli-Gorusme.pdf,2021-11-05,gorusme,2022,20211105_gorusme_sbb_001.pdf,D:/tbmm-butce-soylem/data/raw/pdf/sbb/20211105_gorusme_sbb_001.pdf,D:/tbmm-butce-soylem/data/raw/txt/sbb/20211105_gorusme_sbb_001.txt,sbb
9 Kasım 2021 Tarihli Görüşme,https://www.sbb.gov.tr/wp-content/uploads/2025/02/9-Kasim-2021-Tarihli-Gorusme.pdf,https://www.sbb.gov.tr/wp-content/uploads/2025/02/9-Kasim-2021-Tarihli-Gorusme.pdf,2021-11-09,gorusme,2022,20211109_gorusme_sbb_001.pdf,D:/tbmm-butce-soylem/data/raw/pdf/sbb/20211109_gorusme_sbb_001.pdf,D:/tbmm-butce-soylem/data/raw/txt/sbb/20211109_gorusme_sbb_001.txt,sbb
10 Kasım 2021 Tarihli Görüşme,https://www.sbb.gov.tr/wp-content/uploads/2025/02/10-Kasim-2021-Tarihli-Gorusme.pdf,https://www.sbb.gov.tr/wp-content/uploads/2025/02/10-Kasim-2021-Tarihli-Gorusme.pdf,2021-11-10,gorusme,2022,20211110_gorusme_sbb_001.pdf,D:/tbmm-butce-soylem/data/raw/pdf/sbb/20211110_gorusme_sbb_001.pdf,D:/tbmm-butce-soylem/data/raw/txt/sbb/20211110_gorusme_sbb_001.txt,sbb
11 Kasım 2021 Tarihli Görüşme,https://www.sbb.gov.tr/wp-content/uploads/2025/02/11-Kasim-2021-Tarihli-Gorusme.pdf,https://www.sbb.gov.tr/wp-content/uploads/2025/02/11-Kasim-2021-Tarihli-Gorusme.pdf,2021-11-11,gorusme,2022,20211111_gorusme_sbb_001.pdf,D:/tbmm-butce-soylem/data/raw/pdf/sbb/20211111_gorusme_sbb_001.pdf,D:/tbmm-butce-soylem/data/raw/txt/sbb/20211111_gorusme_sbb_001.txt,sbb
12 Kasım 2021 Tarihli Görüşme,https://www.sbb.gov.tr/wp-content/uploads/2025/02/12-Kasim-2021-Tarihli-Gorusme.pdf,https://www.sbb.gov.tr/wp-content/uploads/2025/02/12-Kasim-2021-Tarihli-Gorusme.pdf,2021-11-12,gorusme,2022,20211112_gorusme_sbb_001.pdf,D:/tbmm-butce-soylem/data/raw/pdf/sbb/20211112_gorusme_sbb_001.pdf,D:/tbmm-butce-soylem/data/raw/txt/sbb/20211112_gorusme_sbb_001.txt,sbb
16 Kasım 2021 Tarihli Görüşme,https://www.sbb.gov.tr/wp-content/uploads/2025/02/16-Kasim-2021-Tarihli-Gorusme.pdf,https://www.sbb.gov.tr/wp-content/uploads/2025/02/16-Kasim-2021-Tarihli-Gorusme.pdf,2021-11-16,gorusme,2022,20211116_gorusme_sbb_001.pdf,D:/tbmm-butce-soylem/data/raw/pdf/sbb/20211116_gorusme_sbb_001.pdf,D:/tbmm-butce-soylem/data/raw/txt/sbb/20211116_gorusme_sbb_001.txt,sbb
17 Kasım 2021 Tarihli Görüşme,https://www.sbb.gov.tr/wp-content/uploads/2025/02/17-Kasim-2021-Tarihli-Gorusme.pdf,https://www.sbb.gov.tr/wp-content/uploads/2025/02/17-Kasim-2021-Tarihli-Gorusme.pdf,2021-11-17,gorusme,2022,20211117_gorusme_sbb_001.pdf,D:/tbmm-butce-soylem/data/raw/pdf/sbb/20211117_gorusme_sbb_001.pdf,D:/tbmm-butce-soylem/data/raw/txt/sbb/20211117_gorusme_sbb_001.txt,sbb
18 Kasım 2021 Tarihli Görüşme,https://www.sbb.gov.tr/wp-content/uploads/2025/02/18-Kasim-2021-Tarihli-Gorusme.pdf,https://www.sbb.gov.tr/wp-content/uploads/2025/02/18-Kasim-2021-Tarihli-Gorusme.pdf,2021-11-18,gorusme,2022,20211118_gorusme_sbb_001.pdf,D:/tbmm-butce-soylem/data/raw/pdf/sbb/20211118_gorusme_sbb_001.pdf,D:/tbmm-butce-soylem/data/raw/txt/sbb/20211118_gorusme_sbb_001.txt,sbb
19 Kasım 2021 Tarihli Görüşme,https://www.sbb.gov.tr/wp-content/uploads/2025/02/19-Kasim-2021-Tarihli-Gorusme.pdf,https://www.sbb.gov.tr/wp-content/uploads/2025/02/19-Kasim-2021-Tarihli-Gorusme.pdf,2021-11-19,gorusme,2022,20211119_gorusme_sbb_001.pdf,D:/tbmm-butce-soylem/data/raw/pdf/sbb/20211119_gorusme_sbb_001.pdf,D:/tbmm-butce-soylem/data/raw/txt/sbb/20211119_gorusme_sbb_001.txt,sbb
22 Kasım 2021 Tarihli Görüşme,https://www.sbb.gov.tr/wp-content/uploads/2025/02/22-Kasim-2021-Tarihli-Gorusme.pdf,https://www.sbb.gov.tr/wp-content/uploads/2025/02/22-Kasim-2021-Tarihli-Gorusme.pdf,2021-11-22,gorusme,2022,20211122_gorusme_sbb_001.pdf,D:/tbmm-butce-soylem/data/raw/pdf/sbb/20211122_gorusme_sbb_001.pdf,D:/tbmm-butce-soylem/data/raw/txt/sbb/20211122_gorusme_sbb_001.txt,sbb
23 Kasım 2021 Tarihli Görüşme,https://www.sbb.gov.tr/wp-content/uploads/2025/02/23-Kasim-2021-Tarihli-Gorusme.pdf,https://www.sbb.gov.tr/wp-content/uploads/2025/02/23-Kasim-2021-Tarihli-Gorusme.pdf,2021-11-23,gorusme,2022,20211123_gorusme_sbb_001.pdf,D:/tbmm-butce-soylem/data/raw/pdf/sbb/20211123_gorusme_sbb_001.pdf,D:/tbmm-butce-soylem/data/raw/txt/sbb/20211123_gorusme_sbb_001.txt,sbb
24 Kasım 2021 Tarihli Görüşme,https://www.sbb.gov.tr/wp-content/uploads/2025/02/24-Kasim-2021-Tarihli-Gorusme.pdf,https://www.sbb.gov.tr/wp-content/uploads/2025/02/24-Kasim-2021-Tarihli-Gorusme.pdf,2021-11-24,gorusme,2022,20211124_gorusme_sbb_001.pdf,D:/tbmm-butce-soylem/data/raw/pdf/sbb/20211124_gorusme_sbb_001.pdf,D:/tbmm-butce-soylem/data/raw/txt/sbb/20211124_gorusme_sbb_001.txt,sbb
25 Kasım 2021 Tarihli Görüşme,https://www.sbb.gov.tr/wp-content/uploads/2025/02/25-Kasim-2021-Tarihli-Gorusme.pdf,https://www.sbb.gov.tr/wp-content/uploads/2025/02/25-Kasim-2021-Tarihli-Gorusme.pdf,2021-11-25,gorusme,2022,20211125_gorusme_sbb_001.pdf,D:/tbmm-butce-soylem/data/raw/pdf/sbb/20211125_gorusme_sbb_001.pdf,D:/tbmm-butce-soylem/data/raw/txt/sbb/20211125_gorusme_sbb_001.txt,sbb
26 Kasım 2021 Tarihli Görüşme,https://www.sbb.gov.tr/wp-content/uploads/2025/02/26-Ekim-2021-Tarihli-Gorusme.pdf,https://www.sbb.gov.tr/wp-content/uploads/2025/02/26-Ekim-2021-Tarihli-Gorusme.pdf,2021-11-26,gorusme,2022,20211126_gorusme_sbb_001.pdf,D:/tbmm-butce-soylem/data/raw/pdf/sbb/20211126_gorusme_sbb_001.pdf,D:/tbmm-butce-soylem/data/raw/txt/sbb/20211126_gorusme_sbb_001.txt,sbb
21 Ekim 2020 Tarihli Görüşme,/wp-content/uploads/2021/03/21-Ekim-2020-Tarihli-Gorusme-Butce-Sunumu.pdf,https://www.sbb.gov.tr/wp-content/uploads/2021/03/21-Ekim-2020-Tarihli-Gorusme-Butce-Sunumu.pdf,2020-10-21,gorusme,2021,20201021_gorusme_sbb_001.pdf,D:/tbmm-butce-soylem/data/raw/pdf/sbb/20201021_gorusme_sbb_001.pdf,D:/tbmm-butce-soylem/data/raw/txt/sbb/20201021_gorusme_sbb_001.txt,sbb
27 Ekim 2020 Tarihli Görüşme,/wp-content/uploads/2021/03/27-Ekim-2020-Tarihli-Gorusme.pdf,https://www.sbb.gov.tr/wp-content/uploads/2021/03/27-Ekim-2020-Tarihli-Gorusme.pdf,2020-10-27,gorusme,2021,20201027_gorusme_sbb_001.pdf,D:/tbmm-butce-soylem/data/raw/pdf/sbb/20201027_gorusme_sbb_001.pdf,D:/tbmm-butce-soylem/data/raw/txt/sbb/20201027_gorusme_sbb_001.txt,sbb
28 Ekim 2020 Tarihli Görüşme,/wp-content/uploads/2021/03/28-Ekim-2020-Tarihli-Gorusme.pdf,https://www.sbb.gov.tr/wp-content/uploads/2021/03/28-Ekim-2020-Tarihli-Gorusme.pdf,2020-10-28,gorusme,2021,20201028_gorusme_sbb_001.pdf,D:/tbmm-butce-soylem/data/raw/pdf/sbb/20201028_gorusme_sbb_001.pdf,D:/tbmm-butce-soylem/data/raw/txt/sbb/20201028_gorusme_sbb_001.txt,sbb
2 Kasım 2020 Tarihli Görüşme,/wp-content/uploads/2021/03/2-Kasim-2020-Tarihli-Gorusme.pdf,https://www.sbb.gov.tr/wp-content/uploads/2021/03/2-Kasim-2020-Tarihli-Gorusme.pdf,2020-11-02,gorusme,2021,20201102_gorusme_sbb_001.pdf,D:/tbmm-butce-soylem/data/raw/pdf/sbb/20201102_gorusme_sbb_001.pdf,D:/tbmm-butce-soylem/data/raw/txt/sbb/20201102_gorusme_sbb_001.txt,sbb
3 Kasım 2020 Tarihli Görüşme,/wp-content/uploads/2021/03/3-Kasim-2020-Tarihli-Gorusme.pdf,https://www.sbb.gov.tr/wp-content/uploads/2021/03/3-Kasim-2020-Tarihli-Gorusme.pdf,2020-11-03,gorusme,2021,20201103_gorusme_sbb_001.pdf,D:/tbmm-butce-soylem/data/raw/pdf/sbb/20201103_gorusme_sbb_001.pdf,D:/tbmm-butce-soylem/data/raw/txt/sbb/20201103_gorusme_sbb_001.txt,sbb
5 Kasım 2020 Tarihli Görüşme,/wp-content/uploads/2021/03/5-Kasim-2020-Tarihli-Gorusme.pdf,https://www.sbb.gov.tr/wp-content/uploads/2021/03/5-Kasim-2020-Tarihli-Gorusme.pdf,2020-11-05,gorusme,2021,20201105_gorusme_sbb_001.pdf,D:/tbmm-butce-soylem/data/raw/pdf/sbb/20201105_gorusme_sbb_001.pdf,D:/tbmm-butce-soylem/data/raw/txt/sbb/20201105_gorusme_sbb_001.txt,sbb
6 Kasım 2020 Tarihli Görüşme,/wp-content/uploads/2021/03/6-Kasim-2020-Tarihli-Gorusme.pdf,https://www.sbb.gov.tr/wp-content/uploads/2021/03/6-Kasim-2020-Tarihli-Gorusme.pdf,2020-11-06,gorusme,2021,20201106_gorusme_sbb_001.pdf,D:/tbmm-butce-soylem/data/raw/pdf/sbb/20201106_gorusme_sbb_001.pdf,D:/tbmm-butce-soylem/data/raw/txt/sbb/20201106_gorusme_sbb_001.txt,sbb
10 Kasım 2020 Tarihli Görüşme,/wp-content/uploads/2021/03/10-Kasim-2020-Tarihli-Gorusme.pdf,https://www.sbb.gov.tr/wp-content/uploads/2021/03/10-Kasim-2020-Tarihli-Gorusme.pdf,2020-11-10,gorusme,2021,20201110_gorusme_sbb_001.pdf,D:/tbmm-butce-soylem/data/raw/pdf/sbb/20201110_gorusme_sbb_001.pdf,D:/tbmm-butce-soylem/data/raw/txt/sbb/20201110_gorusme_sbb_001.txt,sbb
11 Kasım 2020 Tarihli Görüşme,/wp-content/uploads/2021/03/11-Kasim-2020-Tarihli-Gorusme.pdf,https://www.sbb.gov.tr/wp-content/uploads/2021/03/11-Kasim-2020-Tarihli-Gorusme.pdf,2020-11-11,gorusme,2021,20201111_gorusme_sbb_001.pdf,D:/tbmm-butce-soylem/data/raw/pdf/sbb/20201111_gorusme_sbb_001.pdf,D:/tbmm-butce-soylem/data/raw/txt/sbb/20201111_gorusme_sbb_001.txt,sbb
12 Kasım 2020 Tarihli Görüşme,/wp-content/uploads/2021/03/12-Kasim-2020-Tarihli-Gorusme.pdf,https://www.sbb.gov.tr/wp-content/uploads/2021/03/12-Kasim-2020-Tarihli-Gorusme.pdf,2020-11-12,gorusme,2021,20201112_gorusme_sbb_001.pdf,D:/tbmm-butce-soylem/data/raw/pdf/sbb/20201112_gorusme_sbb_001.pdf,D:/tbmm-butce-soylem/data/raw/txt/sbb/20201112_gorusme_sbb_001.txt,sbb
13 Kasım 2020 Tarihli Görüşme,/wp-content/uploads/2021/03/13-Kasim-2020-Tarihli-Gorusme.pdf,https://www.sbb.gov.tr/wp-content/uploads/2021/03/13-Kasim-2020-Tarihli-Gorusme.pdf,2020-11-13,gorusme,2021,20201113_gorusme_sbb_001.pdf,D:/tbmm-butce-soylem/data/raw/pdf/sbb/20201113_gorusme_sbb_001.pdf,D:/tbmm-butce-soylem/data/raw/txt/sbb/20201113_gorusme_sbb_001.txt,sbb
16 Kasım 2020 Tarihli Görüşme,/wp-content/uploads/2021/03/16-Kasim-2020-Tarihli-Gorusme.pdf,https://www.sbb.gov.tr/wp-content/uploads/2021/03/16-Kasim-2020-Tarihli-Gorusme.pdf,2020-11-16,gorusme,2021,20201116_gorusme_sbb_001.pdf,D:/tbmm-butce-soylem/data/raw/pdf/sbb/20201116_gorusme_sbb_001.pdf,D:/tbmm-butce-soylem/data/raw/txt/sbb/20201116_gorusme_sbb_001.txt,sbb
17 Kasım 2020 Tarihli Görüşme,/wp-content/uploads/2021/03/17-Kasim-2020-Tarihli-Gorusme.pdf,https://www.sbb.gov.tr/wp-content/uploads/2021/03/17-Kasim-2020-Tarihli-Gorusme.pdf,2020-11-17,gorusme,2021,20201117_gorusme_sbb_001.pdf,D:/tbmm-butce-soylem/data/raw/pdf/sbb/20201117_gorusme_sbb_001.pdf,D:/tbmm-butce-soylem/data/raw/txt/sbb/20201117_gorusme_sbb_001.txt,sbb
18 Kasım 2020 Tarihli Görüşme,/wp-content/uploads/2021/03/18-Kasim-2020-Tarihli-Gorusme.pdf,https://www.sbb.gov.tr/wp-content/uploads/2021/03/18-Kasim-2020-Tarihli-Gorusme.pdf,2020-11-18,gorusme,2021,20201118_gorusme_sbb_001.pdf,D:/tbmm-butce-soylem/data/raw/pdf/sbb/20201118_gorusme_sbb_001.pdf,D:/tbmm-butce-soylem/data/raw/txt/sbb/20201118_gorusme_sbb_001.txt,sbb
19 Kasım 2020 Tarihli Görüşme,/wp-content/uploads/2021/03/19-Kasim-2020-Tarihli-Gorusme.pdf,https://www.sbb.gov.tr/wp-content/uploads/2021/03/19-Kasim-2020-Tarihli-Gorusme.pdf,2020-11-19,gorusme,2021,20201119_gorusme_sbb_001.pdf,D:/tbmm-butce-soylem/data/raw/pdf/sbb/20201119_gorusme_sbb_001.pdf,D:/tbmm-butce-soylem/data/raw/txt/sbb/20201119_gorusme_sbb_001.txt,sbb
20 Kasım 2020 Tarihli Görüşme,/wp-content/uploads/2021/03/20-Kasim-2020-Tarihli-Gorusme.pdf,https://www.sbb.gov.tr/wp-content/uploads/2021/03/20-Kasim-2020-Tarihli-Gorusme.pdf,2020-11-20,gorusme,2021,20201120_gorusme_sbb_001.pdf,D:/tbmm-butce-soylem/data/raw/pdf/sbb/20201120_gorusme_sbb_001.pdf,D:/tbmm-butce-soylem/data/raw/txt/sbb/20201120_gorusme_sbb_001.txt,sbb
23 Kasım 2020 Tarihli Görüşme,/wp-content/uploads/2021/03/23-Kasim-2020-Tarihli-Gorusme.pdf,https://www.sbb.gov.tr/wp-content/uploads/2021/03/23-Kasim-2020-Tarihli-Gorusme.pdf,2020-11-23,gorusme,2021,20201123_gorusme_sbb_001.pdf,D:/tbmm-butce-soylem/data/raw/pdf/sbb/20201123_gorusme_sbb_001.pdf,D:/tbmm-butce-soylem/data/raw/txt/sbb/20201123_gorusme_sbb_001.txt,sbb
24 Kasım 2020 Tarihli Görüşme,/wp-content/uploads/2021/03/24-Kasim-2020-Tarihli-Gorusme.pdf,https://www.sbb.gov.tr/wp-content/uploads/2021/03/24-Kasim-2020-Tarihli-Gorusme.pdf,2020-11-24,gorusme,2021,20201124_gorusme_sbb_001.pdf,D:/tbmm-butce-soylem/data/raw/pdf/sbb/20201124_gorusme_sbb_001.pdf,D:/tbmm-butce-soylem/data/raw/txt/sbb/20201124_gorusme_sbb_001.txt,sbb
26 Kasım 2020 Tarihli Görüşme,/wp-content/uploads/2021/03/26-Kasim-2020-Tarihli-Gorusme.pdf,https://www.sbb.gov.tr/wp-content/uploads/2021/03/26-Kasim-2020-Tarihli-Gorusme.pdf,2020-11-26,gorusme,2021,20201126_gorusme_sbb_001.pdf,D:/tbmm-butce-soylem/data/raw/pdf/sbb/20201126_gorusme_sbb_001.pdf,D:/tbmm-butce-soylem/data/raw/txt/sbb/20201126_gorusme_sbb_001.txt,sbb
27 Kasım 2020 Tarihli Görüşme,/wp-content/uploads/2021/03/27-Kasim-2020-Tarihli-Gorusme.pdf,https://www.sbb.gov.tr/wp-content/uploads/2021/03/27-Kasim-2020-Tarihli-Gorusme.pdf,2020-11-27,gorusme,2021,20201127_gorusme_sbb_001.pdf,D:/tbmm-butce-soylem/data/raw/pdf/sbb/20201127_gorusme_sbb_001.pdf,D:/tbmm-butce-soylem/data/raw/txt/sbb/20201127_gorusme_sbb_001.txt,sbb
24 Ekim 2019 Tarihli Görüşme,/wp-content/uploads/2020/02/24-Ekim-2019_ButceAcilisSunum.pdf,https://www.sbb.gov.tr/wp-content/uploads/2020/02/24-Ekim-2019_ButceAcilisSunum.pdf,2019-10-24,gorusme,2020,20191024_gorusme_sbb_001.pdf,D:/tbmm-butce-soylem/data/raw/pdf/sbb/20191024_gorusme_sbb_001.pdf,D:/tbmm-butce-soylem/data/raw/txt/sbb/20191024_gorusme_sbb_001.txt,sbb
6 Kasım 2019 Tarihli Görüşme,/wp-content/uploads/2020/02/06-Kasim-2019_PBK_Gorusmeler.pdf,https://www.sbb.gov.tr/wp-content/uploads/2020/02/06-Kasim-2019_PBK_Gorusmeler.pdf,2019-11-06,gorusme,2020,20191106_gorusme_sbb_001.pdf,D:/tbmm-butce-soylem/data/raw/pdf/sbb/20191106_gorusme_sbb_001.pdf,D:/tbmm-butce-soylem/data/raw/txt/sbb/20191106_gorusme_sbb_001.txt,sbb
7 Kasım 2019 Tarihli Görüşme,/wp-content/uploads/2020/02/07-Kasim-2019_PBK_Gorusmeler.pdf,https://www.sbb.gov.tr/wp-content/uploads/2020/02/07-Kasim-2019_PBK_Gorusmeler.pdf,2019-11-07,gorusme,2020,20191107_gorusme_sbb_001.pdf,D:/tbmm-butce-soylem/data/raw/pdf/sbb/20191107_gorusme_sbb_001.pdf,D:/tbmm-butce-soylem/data/raw/txt/sbb/20191107_gorusme_sbb_001.txt,sbb
8 Kasım 2019 Tarihli Görüşme,/wp-content/uploads/2020/02/08-Kasim-2019_PBK_Gorusmeler.pdf,https://www.sbb.gov.tr/wp-content/uploads/2020/02/08-Kasim-2019_PBK_Gorusmeler.pdf,2019-11-08,gorusme,2020,20191108_gorusme_sbb_001.pdf,D:/tbmm-butce-soylem/data/raw/pdf/sbb/20191108_gorusme_sbb_001.pdf,D:/tbmm-butce-soylem/data/raw/txt/sbb/20191108_gorusme_sbb_001.txt,sbb
11 Kasım 2019 Tarihli Görüşme,/wp-content/uploads/2020/02/11-Kasim-2019_PBK_Gorusmeler.pdf,https://www.sbb.gov.tr/wp-content/uploads/2020/02/11-Kasim-2019_PBK_Gorusmeler.pdf,2019-11-11,gorusme,2020,20191111_gorusme_sbb_001.pdf,D:/tbmm-butce-soylem/data/raw/pdf/sbb/20191111_gorusme_sbb_001.pdf,D:/tbmm-butce-soylem/data/raw/txt/sbb/20191111_gorusme_sbb_001.txt,sbb
12 Kasım 2019 Tarihli Görüşme,/wp-content/uploads/2020/02/12-Kasim-2019_PBK_Gorusmeler.pdf,https://www.sbb.gov.tr/wp-content/uploads/2020/02/12-Kasim-2019_PBK_Gorusmeler.pdf,2019-11-12,gorusme,2020,20191112_gorusme_sbb_001.pdf,D:/tbmm-butce-soylem/data/raw/pdf/sbb/20191112_gorusme_sbb_001.pdf,D:/tbmm-butce-soylem/data/raw/txt/sbb/20191112_gorusme_sbb_001.txt,sbb
13 Kasım 2019 Tarihli Görüşme,/wp-content/uploads/2020/02/13-Kasim-2019_PBK_Gorusmeler.pdf,https://www.sbb.gov.tr/wp-content/uploads/2020/02/13-Kasim-2019_PBK_Gorusmeler.pdf,2019-11-13,gorusme,2020,20191113_gorusme_sbb_001.pdf,D:/tbmm-butce-soylem/data/raw/pdf/sbb/20191113_gorusme_sbb_001.pdf,D:/tbmm-butce-soylem/data/raw/txt/sbb/20191113_gorusme_sbb_001.txt,sbb
14 Kasım 2019 Tarihli Görüşme,/wp-content/uploads/2020/02/14-Kasim-2019_PBK_Gorusmeler.pdf,https://www.sbb.gov.tr/wp-content/uploads/2020/02/14-Kasim-2019_PBK_Gorusmeler.pdf,2019-11-14,gorusme,2020,20191114_gorusme_sbb_001.pdf,D:/tbmm-butce-soylem/data/raw/pdf/sbb/20191114_gorusme_sbb_001.pdf,D:/tbmm-butce-soylem/data/raw/txt/sbb/20191114_gorusme_sbb_001.txt,sbb
15 Kasım 2019 Tarihli Görüşme,/wp-content/uploads/2020/02/15-Kasim-2019_PBK_Gorusmeler.pdf,https://www.sbb.gov.tr/wp-content/uploads/2020/02/15-Kasim-2019_PBK_Gorusmeler.pdf,2019-11-15,gorusme,2020,20191115_gorusme_sbb_001.pdf,D:/tbmm-butce-soylem/data/raw/pdf/sbb/20191115_gorusme_sbb_001.pdf,D:/tbmm-butce-soylem/data/raw/txt/sbb/20191115_gorusme_sbb_001.txt,sbb
18 Kasım 2019 Tarihli Görüşme,/wp-content/uploads/2020/02/18-Kasim-2019_PBK_Gorusmeler.pdf,https://www.sbb.gov.tr/wp-content/uploads/2020/02/18-Kasim-2019_PBK_Gorusmeler.pdf,2019-11-18,gorusme,2020,20191118_gorusme_sbb_001.pdf,D:/tbmm-butce-soylem/data/raw/pdf/sbb/20191118_gorusme_sbb_001.pdf,D:/tbmm-butce-soylem/data/raw/txt/sbb/20191118_gorusme_sbb_001.txt,sbb
19 Kasım 2019 Tarihli Görüşme,/wp-content/uploads/2020/02/19-Kasim-2019_PBK_Gorusmeler.pdf,https://www.sbb.gov.tr/wp-content/uploads/2020/02/19-Kasim-2019_PBK_Gorusmeler.pdf,2019-11-19,gorusme,2020,20191119_gorusme_sbb_001.pdf,D:/tbmm-butce-soylem/data/raw/pdf/sbb/20191119_gorusme_sbb_001.pdf,D:/tbmm-butce-soylem/data/raw/txt/sbb/20191119_gorusme_sbb_001.txt,sbb
20 Kasım 2019 Tarihli Görüşme,/wp-content/uploads/2020/02/20-Kasim-2019_PBK_Gorusmeler.pdf,https://www.sbb.gov.tr/wp-content/uploads/2020/02/20-Kasim-2019_PBK_Gorusmeler.pdf,2019-11-20,gorusme,2020,20191120_gorusme_sbb_001.pdf,D:/tbmm-butce-soylem/data/raw/pdf/sbb/20191120_gorusme_sbb_001.pdf,D:/tbmm-butce-soylem/data/raw/txt/sbb/20191120_gorusme_sbb_001.txt,sbb
21 Kasım 2019 Tarihli Görüşme,/wp-content/uploads/2020/02/21-Kasim-2019_PBK_Gorusmeler.pdf,https://www.sbb.gov.tr/wp-content/uploads/2020/02/21-Kasim-2019_PBK_Gorusmeler.pdf,2019-11-21,gorusme,2020,20191121_gorusme_sbb_001.pdf,D:/tbmm-butce-soylem/data/raw/pdf/sbb/20191121_gorusme_sbb_001.pdf,D:/tbmm-butce-soylem/data/raw/txt/sbb/20191121_gorusme_sbb_001.txt,sbb
22 Kasım 2019 Tarihli Görüşme,/wp-content/uploads/2020/02/22-Kasim-2019_PBK_Gorusmeler.pdf,https://www.sbb.gov.tr/wp-content/uploads/2020/02/22-Kasim-2019_PBK_Gorusmeler.pdf,2019-11-22,gorusme,2020,20191122_gorusme_sbb_001.pdf,D:/tbmm-butce-soylem/data/raw/pdf/sbb/20191122_gorusme_sbb_001.pdf,D:/tbmm-butce-soylem/data/raw/txt/sbb/20191122_gorusme_sbb_001.txt,sbb
25 Kasım 2019 Tarihli Görüşme,/wp-content/uploads/2020/02/25-Kasim-2019_PBK_Gorusmeler.pdf,https://www.sbb.gov.tr/wp-content/uploads/2020/02/25-Kasim-2019_PBK_Gorusmeler.pdf,2019-11-25,gorusme,2020,20191125_gorusme_sbb_001.pdf,D:/tbmm-butce-soylem/data/raw/pdf/sbb/20191125_gorusme_sbb_001.pdf,D:/tbmm-butce-soylem/data/raw/txt/sbb/20191125_gorusme_sbb_001.txt,sbb
26 Kasım 2019 Tarihli Görüşme,/wp-content/uploads/2020/02/26-Kasim-2019_PBK_Gorusmeler.pdf,https://www.sbb.gov.tr/wp-content/uploads/2020/02/26-Kasim-2019_PBK_Gorusmeler.pdf,2019-11-26,gorusme,2020,20191126_gorusme_sbb_001.pdf,D:/tbmm-butce-soylem/data/raw/pdf/sbb/20191126_gorusme_sbb_001.pdf,D:/tbmm-butce-soylem/data/raw/txt/sbb/20191126_gorusme_sbb_001.txt,sbb
27 Kasım 2019 Tarihli Görüşme,/wp-content/uploads/2020/02/27-Kasim-2019_PBK_Gorusmeler.pdf,https://www.sbb.gov.tr/wp-content/uploads/2020/02/27-Kasim-2019_PBK_Gorusmeler.pdf,2019-11-27,gorusme,2020,20191127_gorusme_sbb_001.pdf,D:/tbmm-butce-soylem/data/raw/pdf/sbb/20191127_gorusme_sbb_001.pdf,D:/tbmm-butce-soylem/data/raw/txt/sbb/20191127_gorusme_sbb_001.txt,sbb
28 Kasım 2019 Tarihli Görüşme,/wp-content/uploads/2020/02/28-Kasim-2019_PBK_Gorusmeler.pdf,https://www.sbb.gov.tr/wp-content/uploads/2020/02/28-Kasim-2019_PBK_Gorusmeler.pdf,2019-11-28,gorusme,2020,20191128_gorusme_sbb_001.pdf,D:/tbmm-butce-soylem/data/raw/pdf/sbb/20191128_gorusme_sbb_001.pdf,D:/tbmm-butce-soylem/data/raw/txt/sbb/20191128_gorusme_sbb_001.txt,sbb
29 Kasım 2019 Tarihli Görüşme,/wp-content/uploads/2020/02/29-Kasim-2019_PBK_GenelGorusmeler.pdf,https://www.sbb.gov.tr/wp-content/uploads/2020/02/29-Kasim-2019_PBK_GenelGorusmeler.pdf,2019-11-29,gorusme,2020,20191129_gorusme_sbb_001.pdf,D:/tbmm-butce-soylem/data/raw/pdf/sbb/20191129_gorusme_sbb_001.pdf,D:/tbmm-butce-soylem/data/raw/txt/sbb/20191129_gorusme_sbb_001.txt,sbb
23 Ekim 2018 Tarihli Görüşme,/wp-content/uploads/2020/02/23-Ekim-2018_ButceAcilisSunum.pdf,https://www.sbb.gov.tr/wp-content/uploads/2020/02/23-Ekim-2018_ButceAcilisSunum.pdf,2018-10-23,gorusme,2019,20181023_gorusme_sbb_001.pdf,D:/tbmm-butce-soylem/data/raw/pdf/sbb/20181023_gorusme_sbb_001.pdf,D:/tbmm-butce-soylem/data/raw/txt/sbb/20181023_gorusme_sbb_001.txt,sbb
30 Ekim 2018 Tarihli Görüşme,/wp-content/uploads/2020/02/30-Ekim-2018_PBK_Gorusmeler.pdf,https://www.sbb.gov.tr/wp-content/uploads/2020/02/30-Ekim-2018_PBK_Gorusmeler.pdf,2018-10-30,gorusme,2019,20181030_gorusme_sbb_001.pdf,D:/tbmm-butce-soylem/data/raw/pdf/sbb/20181030_gorusme_sbb_001.pdf,D:/tbmm-butce-soylem/data/raw/txt/sbb/20181030_gorusme_sbb_001.txt,sbb
31 Ekim 2018 Tarihli Görüşme,/wp-content/uploads/2020/02/31-Ekim-2018_PBK_Gorusmeler.pdf,https://www.sbb.gov.tr/wp-content/uploads/2020/02/31-Ekim-2018_PBK_Gorusmeler.pdf,2018-10-31,gorusme,2019,20181031_gorusme_sbb_001.pdf,D:/tbmm-butce-soylem/data/raw/pdf/sbb/20181031_gorusme_sbb_001.pdf,D:/tbmm-butce-soylem/data/raw/txt/sbb/20181031_gorusme_sbb_001.txt,sbb
1 Kasım 2018 Tarihli Görüşme,/wp-content/uploads/2020/02/01-Ekim-2018_PBK_Gorusmeler.pdf,https://www.sbb.gov.tr/wp-content/uploads/2020/02/01-Ekim-2018_PBK_Gorusmeler.pdf,2018-11-01,gorusme,2019,20181101_gorusme_sbb_001.pdf,D:/tbmm-butce-soylem/data/raw/pdf/sbb/20181101_gorusme_sbb_001.pdf,D:/tbmm-butce-soylem/data/raw/txt/sbb/20181101_gorusme_sbb_001.txt,sbb
2 Kasım 2018 Tarihli Görüşme,/wp-content/uploads/2020/02/02-Ekim-2018_PBK_Gorusmeler.pdf,https://www.sbb.gov.tr/wp-content/uploads/2020/02/02-Ekim-2018_PBK_Gorusmeler.pdf,2018-11-02,gorusme,2019,20181102_gorusme_sbb_001.pdf,D:/tbmm-butce-soylem/data/raw/pdf/sbb/20181102_gorusme_sbb_001.pdf,D:/tbmm-butce-soylem/data/raw/txt/sbb/20181102_gorusme_sbb_001.txt,sbb
5 Kasım 2018 Tarihli Görüşme,/wp-content/uploads/2020/02/05-Kasim-2018_PBK_Gorusmeler.pdf,https://www.sbb.gov.tr/wp-content/uploads/2020/02/05-Kasim-2018_PBK_Gorusmeler.pdf,2018-11-05,gorusme,2019,20181105_gorusme_sbb_001.pdf,D:/tbmm-butce-soylem/data/raw/pdf/sbb/20181105_gorusme_sbb_001.pdf,D:/tbmm-butce-soylem/data/raw/txt/sbb/20181105_gorusme_sbb_001.txt,sbb
6 Kasım 2018 Tarihli Görüşme,/wp-content/uploads/2020/02/06-Kasim-2018_PBK_Gorusmeler.pdf,https://www.sbb.gov.tr/wp-content/uploads/2020/02/06-Kasim-2018_PBK_Gorusmeler.pdf,2018-11-06,gorusme,2019,20181106_gorusme_sbb_001.pdf,D:/tbmm-butce-soylem/data/raw/pdf/sbb/20181106_gorusme_sbb_001.pdf,D:/tbmm-butce-soylem/data/raw/txt/sbb/20181106_gorusme_sbb_001.txt,sbb
7 Kasım 2018 Tarihli Görüşme,/wp-content/uploads/2020/02/07-Kasim-2018_PBK_Gorusmeler.pdf,https://www.sbb.gov.tr/wp-content/uploads/2020/02/07-Kasim-2018_PBK_Gorusmeler.pdf,2018-11-07,gorusme,2019,20181107_gorusme_sbb_001.pdf,D:/tbmm-butce-soylem/data/raw/pdf/sbb/20181107_gorusme_sbb_001.pdf,D:/tbmm-butce-soylem/data/raw/txt/sbb/20181107_gorusme_sbb_001.txt,sbb
8 Kasım 2018 Tarihli Görüşme,/wp-content/uploads/2020/02/08-Kasim-2018_PBK_Gorusmeler.pdf,https://www.sbb.gov.tr/wp-content/uploads/2020/02/08-Kasim-2018_PBK_Gorusmeler.pdf,2018-11-08,gorusme,2019,20181108_gorusme_sbb_001.pdf,D:/tbmm-butce-soylem/data/raw/pdf/sbb/20181108_gorusme_sbb_001.pdf,D:/tbmm-butce-soylem/data/raw/txt/sbb/20181108_gorusme_sbb_001.txt,sbb
9 Kasım 2018 Tarihli Görüşme,/wp-content/uploads/2020/02/09-Kasim-2018_PBK_Gorusmeler.pdf,https://www.sbb.gov.tr/wp-content/uploads/2020/02/09-Kasim-2018_PBK_Gorusmeler.pdf,2018-11-09,gorusme,2019,20181109_gorusme_sbb_001.pdf,D:/tbmm-butce-soylem/data/raw/pdf/sbb/20181109_gorusme_sbb_001.pdf,D:/tbmm-butce-soylem/data/raw/txt/sbb/20181109_gorusme_sbb_001.txt,sbb
12 Kasım 2018 Tarihli Görüşme,/wp-content/uploads/2020/02/12-Kasim-2018_PBK_Gorusmeler.pdf,https://www.sbb.gov.tr/wp-content/uploads/2020/02/12-Kasim-2018_PBK_Gorusmeler.pdf,2018-11-12,gorusme,2019,20181112_gorusme_sbb_001.pdf,D:/tbmm-butce-soylem/data/raw/pdf/sbb/20181112_gorusme_sbb_001.pdf,D:/tbmm-butce-soylem/data/raw/txt/sbb/20181112_gorusme_sbb_001.txt,sbb
13 Kasım 2018 Tarihli Görüşme,/wp-content/uploads/2020/02/13-Kasim-2018_PBK_Gorusmeler.pdf,https://www.sbb.gov.tr/wp-content/uploads/2020/02/13-Kasim-2018_PBK_Gorusmeler.pdf,2018-11-13,gorusme,2019,20181113_gorusme_sbb_001.pdf,D:/tbmm-butce-soylem/data/raw/pdf/sbb/20181113_gorusme_sbb_001.pdf,D:/tbmm-butce-soylem/data/raw/txt/sbb/20181113_gorusme_sbb_001.txt,sbb
14 Kasım 2018 Tarihli Görüşme,/wp-content/uploads/2020/02/14-Kasim-2018_PBK_Gorusmeler.pdf,https://www.sbb.gov.tr/wp-content/uploads/2020/02/14-Kasim-2018_PBK_Gorusmeler.pdf,2018-11-14,gorusme,2019,20181114_gorusme_sbb_001.pdf,D:/tbmm-butce-soylem/data/raw/pdf/sbb/20181114_gorusme_sbb_001.pdf,D:/tbmm-butce-soylem/data/raw/txt/sbb/20181114_gorusme_sbb_001.txt,sbb
15 Kasım 2018 Tarihli Görüşme,/wp-content/uploads/2020/02/15-Kasim-2018_PBK_Gorusmeler.pdf,https://www.sbb.gov.tr/wp-content/uploads/2020/02/15-Kasim-2018_PBK_Gorusmeler.pdf,2018-11-15,gorusme,2019,20181115_gorusme_sbb_001.pdf,D:/tbmm-butce-soylem/data/raw/pdf/sbb/20181115_gorusme_sbb_001.pdf,D:/tbmm-butce-soylem/data/raw/txt/sbb/20181115_gorusme_sbb_001.txt,sbb
16 Kasım 2018 Tarihli Görüşme,/wp-content/uploads/2020/02/16-Kasim-2018_PBK_Gorusmeler.pdf,https://www.sbb.gov.tr/wp-content/uploads/2020/02/16-Kasim-2018_PBK_Gorusmeler.pdf,2018-11-16,gorusme,2019,20181116_gorusme_sbb_001.pdf,D:/tbmm-butce-soylem/data/raw/pdf/sbb/20181116_gorusme_sbb_001.pdf,D:/tbmm-butce-soylem/data/raw/txt/sbb/20181116_gorusme_sbb_001.txt,sbb
19 Kasım 2018 Tarihli Görüşme,/wp-content/uploads/2020/02/19-Kasim-2018_PBK_Gorusmeler.pdf,https://www.sbb.gov.tr/wp-content/uploads/2020/02/19-Kasim-2018_PBK_Gorusmeler.pdf,2018-11-19,gorusme,2019,20181119_gorusme_sbb_001.pdf,D:/tbmm-butce-soylem/data/raw/pdf/sbb/20181119_gorusme_sbb_001.pdf,D:/tbmm-butce-soylem/data/raw/txt/sbb/20181119_gorusme_sbb_001.txt,sbb
20 Kasım 2018 Tarihli Görüşme,/wp-content/uploads/2020/02/20-Kasim-2018_PBK_Gorusmeler.pdf,https://www.sbb.gov.tr/wp-content/uploads/2020/02/20-Kasim-2018_PBK_Gorusmeler.pdf,2018-11-20,gorusme,2019,20181120_gorusme_sbb_001.pdf,D:/tbmm-butce-soylem/data/raw/pdf/sbb/20181120_gorusme_sbb_001.pdf,D:/tbmm-butce-soylem/data/raw/txt/sbb/20181120_gorusme_sbb_001.txt,sbb
21 Kasım 2018 Tarihli Görüşme,/wp-content/uploads/2020/02/21-Kasim-2018_PBK_Gorusmeler.pdf,https://www.sbb.gov.tr/wp-content/uploads/2020/02/21-Kasim-2018_PBK_Gorusmeler.pdf,2018-11-21,gorusme,2019,20181121_gorusme_sbb_001.pdf,D:/tbmm-butce-soylem/data/raw/pdf/sbb/20181121_gorusme_sbb_001.pdf,D:/tbmm-butce-soylem/data/raw/txt/sbb/20181121_gorusme_sbb_001.txt,sbb
22 Kasım 2018 Tarihli Görüşme,/wp-content/uploads/2020/02/22-Kasim-2017_PBK_GenelGorusmeler.pdf,https://www.sbb.gov.tr/wp-content/uploads/2020/02/22-Kasim-2017_PBK_GenelGorusmeler.pdf,2018-11-22,gorusme,2019,20181122_gorusme_sbb_001.pdf,D:/tbmm-butce-soylem/data/raw/pdf/sbb/20181122_gorusme_sbb_001.pdf,D:/tbmm-butce-soylem/data/raw/txt/sbb/20181122_gorusme_sbb_001.txt,sbb
24 Ekim 2017 Tarihli Görüşme,/wp-content/uploads/2020/02/24-Ekim-2017_ButceAcilisSunum.pdf,https://www.sbb.gov.tr/wp-content/uploads/2020/02/24-Ekim-2017_ButceAcilisSunum.pdf,2017-10-24,gorusme,2018,20171024_gorusme_sbb_001.pdf,D:/tbmm-butce-soylem/data/raw/pdf/sbb/20171024_gorusme_sbb_001.pdf,D:/tbmm-butce-soylem/data/raw/txt/sbb/20171024_gorusme_sbb_001.txt,sbb
30 Ekim 2017 Tarihli Görüşme,/wp-content/uploads/2020/02/30-Ekim-2017_PBK_Gorusmeler.pdf,https://www.sbb.gov.tr/wp-content/uploads/2020/02/30-Ekim-2017_PBK_Gorusmeler.pdf,2017-10-30,gorusme,2018,20171030_gorusme_sbb_001.pdf,D:/tbmm-butce-soylem/data/raw/pdf/sbb/20171030_gorusme_sbb_001.pdf,D:/tbmm-butce-soylem/data/raw/txt/sbb/20171030_gorusme_sbb_001.txt,sbb
1 Kasım 2017 Tarihli Görüşme,/wp-content/uploads/2020/02/01-Kasım-2017_PBK_Gorusmeler.pdf,https://www.sbb.gov.tr/wp-content/uploads/2020/02/01-Kas%C4%B1m-2017_PBK_Gorusmeler.pdf,2017-11-01,gorusme,2018,20171101_gorusme_sbb_001.pdf,D:/tbmm-butce-soylem/data/raw/pdf/sbb/20171101_gorusme_sbb_001.pdf,D:/tbmm-butce-soylem/data/raw/txt/sbb/20171101_gorusme_sbb_001.txt,sbb
2 Kasım 2017 Tarihli Görüşme,/wp-content/uploads/2020/02/02-Kasım-2017_PBK_Gorusmeler.pdf,https://www.sbb.gov.tr/wp-content/uploads/2020/02/02-Kas%C4%B1m-2017_PBK_Gorusmeler.pdf,2017-11-02,gorusme,2018,20171102_gorusme_sbb_001.pdf,D:/tbmm-butce-soylem/data/raw/pdf/sbb/20171102_gorusme_sbb_001.pdf,D:/tbmm-butce-soylem/data/raw/txt/sbb/20171102_gorusme_sbb_001.txt,sbb
3 Kasım 2017 Tarihli Görüşme,/wp-content/uploads/2020/02/03-Kasım-2017_PBK_Gorusmeler.pdf,https://www.sbb.gov.tr/wp-content/uploads/2020/02/03-Kas%C4%B1m-2017_PBK_Gorusmeler.pdf,2017-11-03,gorusme,2018,20171103_gorusme_sbb_001.pdf,D:/tbmm-butce-soylem/data/raw/pdf/sbb/20171103_gorusme_sbb_001.pdf,D:/tbmm-butce-soylem/data/raw/txt/sbb/20171103_gorusme_sbb_001.txt,sbb
6 Kasım 2017 Tarihli Görüşme,/wp-content/uploads/2020/02/06-Kasım-2017_PBK_Gorusmeler.pdf,https://www.sbb.gov.tr/wp-content/uploads/2020/02/06-Kas%C4%B1m-2017_PBK_Gorusmeler.pdf,2017-11-06,gorusme,2018,20171106_gorusme_sbb_001.pdf,D:/tbmm-butce-soylem/data/raw/pdf/sbb/20171106_gorusme_sbb_001.pdf,D:/tbmm-butce-soylem/data/raw/txt/sbb/20171106_gorusme_sbb_001.txt,sbb
7 Kasım 2017 Tarihli Görüşme,/wp-content/uploads/2020/02/07-Kasım-2017_PBK_Gorusmeler.pdf,https://www.sbb.gov.tr/wp-content/uploads/2020/02/07-Kas%C4%B1m-2017_PBK_Gorusmeler.pdf,2017-11-07,gorusme,2018,20171107_gorusme_sbb_001.pdf,D:/tbmm-butce-soylem/data/raw/pdf/sbb/20171107_gorusme_sbb_001.pdf,D:/tbmm-butce-soylem/data/raw/txt/sbb/20171107_gorusme_sbb_001.txt,sbb
8 Kasım 2017 Tarihli Görüşme,/wp-content/uploads/2020/02/08-Kasım-2017_PBK_Gorusmeler.pdf,https://www.sbb.gov.tr/wp-content/uploads/2020/02/08-Kas%C4%B1m-2017_PBK_Gorusmeler.pdf,2017-11-08,gorusme,2018,20171108_gorusme_sbb_001.pdf,D:/tbmm-butce-soylem/data/raw/pdf/sbb/20171108_gorusme_sbb_001.pdf,D:/tbmm-butce-soylem/data/raw/txt/sbb/20171108_gorusme_sbb_001.txt,sbb
9 Kasım 2017 Tarihli Görüşme,/wp-content/uploads/2020/02/09-Kasım-2017_PBK_Gorusmeler.pdf,https://www.sbb.gov.tr/wp-content/uploads/2020/02/09-Kas%C4%B1m-2017_PBK_Gorusmeler.pdf,2017-11-09,gorusme,2018,20171109_gorusme_sbb_001.pdf,D:/tbmm-butce-soylem/data/raw/pdf/sbb/20171109_gorusme_sbb_001.pdf,D:/tbmm-butce-soylem/data/raw/txt/sbb/20171109_gorusme_sbb_001.txt,sbb
10 Kasım 2017 Tarihli Görüşme,/wp-content/uploads/2020/02/10-Kasım-2017_PBK_Gorusmeler.pdf,https://www.sbb.gov.tr/wp-content/uploads/2020/02/10-Kas%C4%B1m-2017_PBK_Gorusmeler.pdf,2017-11-10,gorusme,2018,20171110_gorusme_sbb_001.pdf,D:/tbmm-butce-soylem/data/raw/pdf/sbb/20171110_gorusme_sbb_001.pdf,D:/tbmm-butce-soylem/data/raw/txt/sbb/20171110_gorusme_sbb_001.txt,sbb
13 Kasım 2017 Tarihli Görüşme,/wp-content/uploads/2020/02/13-Kasım-2017_PBK_Gorusmeler.pdf,https://www.sbb.gov.tr/wp-content/uploads/2020/02/13-Kas%C4%B1m-2017_PBK_Gorusmeler.pdf,2017-11-13,gorusme,2018,20171113_gorusme_sbb_001.pdf,D:/tbmm-butce-soylem/data/raw/pdf/sbb/20171113_gorusme_sbb_001.pdf,D:/tbmm-butce-soylem/data/raw/txt/sbb/20171113_gorusme_sbb_001.txt,sbb
14 Kasım 2017 Tarihli Görüşme,/wp-content/uploads/2020/02/14-Kasım-2017_PBK_Gorusmeler.pdf,https://www.sbb.gov.tr/wp-content/uploads/2020/02/14-Kas%C4%B1m-2017_PBK_Gorusmeler.pdf,2017-11-14,gorusme,2018,20171114_gorusme_sbb_001.pdf,D:/tbmm-butce-soylem/data/raw/pdf/sbb/20171114_gorusme_sbb_001.pdf,D:/tbmm-butce-soylem/data/raw/txt/sbb/20171114_gorusme_sbb_001.txt,sbb
15 Kasım 2017 Tarihli Görüşme,/wp-content/uploads/2020/02/15-Kasım-2017_PBK_Gorusmeler.pdf,https://www.sbb.gov.tr/wp-content/uploads/2020/02/15-Kas%C4%B1m-2017_PBK_Gorusmeler.pdf,2017-11-15,gorusme,2018,20171115_gorusme_sbb_001.pdf,D:/tbmm-butce-soylem/data/raw/pdf/sbb/20171115_gorusme_sbb_001.pdf,D:/tbmm-butce-soylem/data/raw/txt/sbb/20171115_gorusme_sbb_001.txt,sbb
16 Kasım 2017 Tarihli Görüşme,/wp-content/uploads/2020/02/16-Kasım-2017_PBK_Gorusmeler.pdf,https://www.sbb.gov.tr/wp-content/uploads/2020/02/16-Kas%C4%B1m-2017_PBK_Gorusmeler.pdf,2017-11-16,gorusme,2018,20171116_gorusme_sbb_001.pdf,D:/tbmm-butce-soylem/data/raw/pdf/sbb/20171116_gorusme_sbb_001.pdf,D:/tbmm-butce-soylem/data/raw/txt/sbb/20171116_gorusme_sbb_001.txt,sbb
17 Kasım 2017 Tarihli Görüşme,/wp-content/uploads/2020/02/17-Kasım-2017_PBK_Gorusmeler.pdf,https://www.sbb.gov.tr/wp-content/uploads/2020/02/17-Kas%C4%B1m-2017_PBK_Gorusmeler.pdf,2017-11-17,gorusme,2018,20171117_gorusme_sbb_001.pdf,D:/tbmm-butce-soylem/data/raw/pdf/sbb/20171117_gorusme_sbb_001.pdf,D:/tbmm-butce-soylem/data/raw/txt/sbb/20171117_gorusme_sbb_001.txt,sbb
20 Kasım 2017 Tarihli Görüşme,/wp-content/uploads/2020/02/20-Kasım-2017_PBK_Gorusmeler.pdf,https://www.sbb.gov.tr/wp-content/uploads/2020/02/20-Kas%C4%B1m-2017_PBK_Gorusmeler.pdf,2017-11-20,gorusme,2018,20171120_gorusme_sbb_001.pdf,D:/tbmm-butce-soylem/data/raw/pdf/sbb/20171120_gorusme_sbb_001.pdf,D:/tbmm-butce-soylem/data/raw/txt/sbb/20171120_gorusme_sbb_001.txt,sbb
21 Kasım 2017 Tarihli Görüşme,/wp-content/uploads/2020/02/21-Kasım-2017_PBK_Gorusmeler.pdf,https://www.sbb.gov.tr/wp-content/uploads/2020/02/21-Kas%C4%B1m-2017_PBK_Gorusmeler.pdf,2017-11-21,gorusme,2018,20171121_gorusme_sbb_001.pdf,D:/tbmm-butce-soylem/data/raw/pdf/sbb/20171121_gorusme_sbb_001.pdf,D:/tbmm-butce-soylem/data/raw/txt/sbb/20171121_gorusme_sbb_001.txt,sbb
22 Kasım 2017 Tarihli Görüşme,/wp-content/uploads/2020/02/22-Kasım-2017_PBK_Gorusmeler.pdf,https://www.sbb.gov.tr/wp-content/uploads/2020/02/22-Kas%C4%B1m-2017_PBK_Gorusmeler.pdf,2017-11-22,gorusme,2018,20171122_gorusme_sbb_001.pdf,D:/tbmm-butce-soylem/data/raw/pdf/sbb/20171122_gorusme_sbb_001.pdf,D:/tbmm-butce-soylem/data/raw/txt/sbb/20171122_gorusme_sbb_001.txt,sbb
23 Kasım 2017 Tarihli Görüşme,/wp-content/uploads/2020/02/23-Kasım-2017_PBK_Gorusmeler.pdf,https://www.sbb.gov.tr/wp-content/uploads/2020/02/23-Kas%C4%B1m-2017_PBK_Gorusmeler.pdf,2017-11-23,gorusme,2018,20171123_gorusme_sbb_001.pdf,D:/tbmm-butce-soylem/data/raw/pdf/sbb/20171123_gorusme_sbb_001.pdf,D:/tbmm-butce-soylem/data/raw/txt/sbb/20171123_gorusme_sbb_001.txt,sbb
24 Kasım 2017 Tarihli Görüşme,/wp-content/uploads/2020/02/24-Kasım-2017_PBK_GenelGorusmeler.pdf,https://www.sbb.gov.tr/wp-content/uploads/2020/02/24-Kas%C4%B1m-2017_PBK_GenelGorusmeler.pdf,2017-11-24,gorusme,2018,20171124_gorusme_sbb_001.pdf,D:/tbmm-butce-soylem/data/raw/pdf/sbb/20171124_gorusme_sbb_001.pdf,D:/tbmm-butce-soylem/data/raw/txt/sbb/20171124_gorusme_sbb_001.txt,sbb
25 Ekim 2016 Tarihli Görüşme,/wp-content/uploads/2020/02/25-Ekim-2016_ButceAcilisSunum.pdf,https://www.sbb.gov.tr/wp-content/uploads/2020/02/25-Ekim-2016_ButceAcilisSunum.pdf,2016-10-25,gorusme,2017,20161025_gorusme_sbb_001.pdf,D:/tbmm-butce-soylem/data/raw/pdf/sbb/20161025_gorusme_sbb_001.pdf,D:/tbmm-butce-soylem/data/raw/txt/sbb/20161025_gorusme_sbb_001.txt,sbb
2 Kasım 2016 Tarihli Görüşme,/wp-content/uploads/2020/02/02-Kasım-2016_PBK_Gorusmeler.pdf,https://www.sbb.gov.tr/wp-content/uploads/2020/02/02-Kas%C4%B1m-2016_PBK_Gorusmeler.pdf,2016-11-02,gorusme,2017,20161102_gorusme_sbb_001.pdf,D:/tbmm-butce-soylem/data/raw/pdf/sbb/20161102_gorusme_sbb_001.pdf,D:/tbmm-butce-soylem/data/raw/txt/sbb/20161102_gorusme_sbb_001.txt,sbb
3 Kasım 2016 Tarihli Görüşme,/wp-content/uploads/2020/02/03-Kasım-2016_PBK_Gorusmeler.pdf,https://www.sbb.gov.tr/wp-content/uploads/2020/02/03-Kas%C4%B1m-2016_PBK_Gorusmeler.pdf,2016-11-03,gorusme,2017,20161103_gorusme_sbb_001.pdf,D:/tbmm-butce-soylem/data/raw/pdf/sbb/20161103_gorusme_sbb_001.pdf,D:/tbmm-butce-soylem/data/raw/txt/sbb/20161103_gorusme_sbb_001.txt,sbb
7 Kasım 2016 Tarihli Görüşme,/wp-content/uploads/2020/02/07-Kasım2016_PBK_Gorusmeler.pdf,https://www.sbb.gov.tr/wp-content/uploads/2020/02/07-Kas%C4%B1m2016_PBK_Gorusmeler.pdf,2016-11-07,gorusme,2017,20161107_gorusme_sbb_001.pdf,D:/tbmm-butce-soylem/data/raw/pdf/sbb/20161107_gorusme_sbb_001.pdf,D:/tbmm-butce-soylem/data/raw/txt/sbb/20161107_gorusme_sbb_001.txt,sbb
8 Kasım 2016 Tarihli Görüşme,/wp-content/uploads/2020/02/08-Kasım-2016_PBK_Gorusmeler.pdf,https://www.sbb.gov.tr/wp-content/uploads/2020/02/08-Kas%C4%B1m-2016_PBK_Gorusmeler.pdf,2016-11-08,gorusme,2017,20161108_gorusme_sbb_001.pdf,D:/tbmm-butce-soylem/data/raw/pdf/sbb/20161108_gorusme_sbb_001.pdf,D:/tbmm-butce-soylem/data/raw/txt/sbb/20161108_gorusme_sbb_001.txt,sbb
9 Kasım 2016 Tarihli Görüşme,/wp-content/uploads/2020/02/09-Kasım-2016_PBK_Gorusmeler.pdf,https://www.sbb.gov.tr/wp-content/uploads/2020/02/09-Kas%C4%B1m-2016_PBK_Gorusmeler.pdf,2016-11-09,gorusme,2017,20161109_gorusme_sbb_001.pdf,D:/tbmm-butce-soylem/data/raw/pdf/sbb/20161109_gorusme_sbb_001.pdf,D:/tbmm-butce-soylem/data/raw/txt/sbb/20161109_gorusme_sbb_001.txt,sbb
10 Kasım 2016 Tarihli Görüşme,/wp-content/uploads/2020/02/10-Kasım-2016_PBK_Gorusmeler.pdf,https://www.sbb.gov.tr/wp-content/uploads/2020/02/10-Kas%C4%B1m-2016_PBK_Gorusmeler.pdf,2016-11-10,gorusme,2017,20161110_gorusme_sbb_001.pdf,D:/tbmm-butce-soylem/data/raw/pdf/sbb/20161110_gorusme_sbb_001.pdf,D:/tbmm-butce-soylem/data/raw/txt/sbb/20161110_gorusme_sbb_001.txt,sbb
11 Kasım 2016 Tarihli Görüşme,/wp-content/uploads/2020/02/11-Kasım-2016_PBK_Gorusmeler.pdf,https://www.sbb.gov.tr/wp-content/uploads/2020/02/11-Kas%C4%B1m-2016_PBK_Gorusmeler.pdf,2016-11-11,gorusme,2017,20161111_gorusme_sbb_001.pdf,D:/tbmm-butce-soylem/data/raw/pdf/sbb/20161111_gorusme_sbb_001.pdf,D:/tbmm-butce-soylem/data/raw/txt/sbb/20161111_gorusme_sbb_001.txt,sbb
14 Kasım 2016 Tarihli Görüşme,/wp-content/uploads/2020/02/14-Kasım-2016_PBK_Gorusmeler.pdf,https://www.sbb.gov.tr/wp-content/uploads/2020/02/14-Kas%C4%B1m-2016_PBK_Gorusmeler.pdf,2016-11-14,gorusme,2017,20161114_gorusme_sbb_001.pdf,D:/tbmm-butce-soylem/data/raw/pdf/sbb/20161114_gorusme_sbb_001.pdf,D:/tbmm-butce-soylem/data/raw/txt/sbb/20161114_gorusme_sbb_001.txt,sbb
15 Kasım 2016 Tarihli Görüşme,/wp-content/uploads/2020/02/15-Kasım-2016_PBK_Gorusmeler.pdf,https://www.sbb.gov.tr/wp-content/uploads/2020/02/15-Kas%C4%B1m-2016_PBK_Gorusmeler.pdf,2016-11-15,gorusme,2017,20161115_gorusme_sbb_001.pdf,D:/tbmm-butce-soylem/data/raw/pdf/sbb/20161115_gorusme_sbb_001.pdf,D:/tbmm-butce-soylem/data/raw/txt/sbb/20161115_gorusme_sbb_001.txt,sbb
16 Kasım 2016 Tarihli Görüşme,/wp-content/uploads/2020/02/16-Kasım-2016_PBK_Gorusmeler.pdf,https://www.sbb.gov.tr/wp-content/uploads/2020/02/16-Kas%C4%B1m-2016_PBK_Gorusmeler.pdf,2016-11-16,gorusme,2017,20161116_gorusme_sbb_001.pdf,D:/tbmm-butce-soylem/data/raw/pdf/sbb/20161116_gorusme_sbb_001.pdf,D:/tbmm-butce-soylem/data/raw/txt/sbb/20161116_gorusme_sbb_001.txt,sbb
17 Kasım 2016 Tarihli Görüşme,/wp-content/uploads/2020/02/17-Kasım-2016_PBK_Gorusmeler.pdf,https://www.sbb.gov.tr/wp-content/uploads/2020/02/17-Kas%C4%B1m-2016_PBK_Gorusmeler.pdf,2016-11-17,gorusme,2017,20161117_gorusme_sbb_001.pdf,D:/tbmm-butce-soylem/data/raw/pdf/sbb/20161117_gorusme_sbb_001.pdf,D:/tbmm-butce-soylem/data/raw/txt/sbb/20161117_gorusme_sbb_001.txt,sbb
18 Kasım 2016 Tarihli Görüşme,/wp-content/uploads/2020/02/18-Kasım-2016_PBK_Gorusmeler.pdf,https://www.sbb.gov.tr/wp-content/uploads/2020/02/18-Kas%C4%B1m-2016_PBK_Gorusmeler.pdf,2016-11-18,gorusme,2017,20161118_gorusme_sbb_001.pdf,D:/tbmm-butce-soylem/data/raw/pdf/sbb/20161118_gorusme_sbb_001.pdf,D:/tbmm-butce-soylem/data/raw/txt/sbb/20161118_gorusme_sbb_001.txt,sbb
21 Kasım 2016 Tarihli Görüşme,/wp-content/uploads/2020/02/21-Kasım-2016_PBK_Gorusmeler.pdf,https://www.sbb.gov.tr/wp-content/uploads/2020/02/21-Kas%C4%B1m-2016_PBK_Gorusmeler.pdf,2016-11-21,gorusme,2017,20161121_gorusme_sbb_001.pdf,D:/tbmm-butce-soylem/data/raw/pdf/sbb/20161121_gorusme_sbb_001.pdf,D:/tbmm-butce-soylem/data/raw/txt/sbb/20161121_gorusme_sbb_001.txt,sbb
22 Kasım 2016 Tarihli Görüşme,/wp-content/uploads/2020/02/22-Kasım-2016_PBK_Gorusmeler.pdf,https://www.sbb.gov.tr/wp-content/uploads/2020/02/22-Kas%C4%B1m-2016_PBK_Gorusmeler.pdf,2016-11-22,gorusme,2017,20161122_gorusme_sbb_001.pdf,D:/tbmm-butce-soylem/data/raw/pdf/sbb/20161122_gorusme_sbb_001.pdf,D:/tbmm-butce-soylem/data/raw/txt/sbb/20161122_gorusme_sbb_001.txt,sbb
23 Kasım 2016 Tarihli Görüşme,/wp-content/uploads/2020/02/23-Kasım-2016_PBK_Gorusmeler.pdf,https://www.sbb.gov.tr/wp-content/uploads/2020/02/23-Kas%C4%B1m-2016_PBK_Gorusmeler.pdf,2016-11-23,gorusme,2017,20161123_gorusme_sbb_001.pdf,D:/tbmm-butce-soylem/data/raw/pdf/sbb/20161123_gorusme_sbb_001.pdf,D:/tbmm-butce-soylem/data/raw/txt/sbb/20161123_gorusme_sbb_001.txt,sbb
24 Kasım 2016 Tarihli Görüşme,/wp-content/uploads/2020/02/24-Kasım-2016_PBK_Gorusmeler.pdf,https://www.sbb.gov.tr/wp-content/uploads/2020/02/24-Kas%C4%B1m-2016_PBK_Gorusmeler.pdf,2016-11-24,gorusme,2017,20161124_gorusme_sbb_001.pdf,D:/tbmm-butce-soylem/data/raw/pdf/sbb/20161124_gorusme_sbb_001.pdf,D:/tbmm-butce-soylem/data/raw/txt/sbb/20161124_gorusme_sbb_001.txt,sbb
25 Kasım 2016 Tarihli Görüşme,/wp-content/uploads/2020/02/25-Kasım-2016_PBK_GenelGorusmeler.pdf,https://www.sbb.gov.tr/wp-content/uploads/2020/02/25-Kas%C4%B1m-2016_PBK_GenelGorusmeler.pdf,2016-11-25,gorusme,2017,20161125_gorusme_sbb_001.pdf,D:/tbmm-butce-soylem/data/raw/pdf/sbb/20161125_gorusme_sbb_001.pdf,D:/tbmm-butce-soylem/data/raw/txt/sbb/20161125_gorusme_sbb_001.txt,sbb
20 Ocak 2016 Tarihli Görüşme (Bütçe Sunumu),/wp-content/uploads/2020/02/20-Ocak-2016_ButceAcilisSunum.pdf,https://www.sbb.gov.tr/wp-content/uploads/2020/02/20-Ocak-2016_ButceAcilisSunum.pdf,2016-01-20,sunum,2016,20160120_sunum_sbb_001.pdf,D:/tbmm-butce-soylem/data/raw/pdf/sbb/20160120_sunum_sbb_001.pdf,D:/tbmm-butce-soylem/data/raw/txt/sbb/20160120_sunum_sbb_001.txt,sbb
25 Ocak 2016 Tarihli Görüşme,/wp-content/uploads/2020/02/25-Ocak-2016_PBK_Gorusmeler.pdf,https://www.sbb.gov.tr/wp-content/uploads/2020/02/25-Ocak-2016_PBK_Gorusmeler.pdf,2016-01-25,gorusme,2016,20160125_gorusme_sbb_001.pdf,D:/tbmm-butce-soylem/data/raw/pdf/sbb/20160125_gorusme_sbb_001.pdf,D:/tbmm-butce-soylem/data/raw/txt/sbb/20160125_gorusme_sbb_001.txt,sbb
26 Ocak 2016 Tarihli Görüşme,/wp-content/uploads/2020/02/26-Ocak-2016_PBK_Gorusmeler.pdf,https://www.sbb.gov.tr/wp-content/uploads/2020/02/26-Ocak-2016_PBK_Gorusmeler.pdf,2016-01-26,gorusme,2016,20160126_gorusme_sbb_001.pdf,D:/tbmm-butce-soylem/data/raw/pdf/sbb/20160126_gorusme_sbb_001.pdf,D:/tbmm-butce-soylem/data/raw/txt/sbb/20160126_gorusme_sbb_001.txt,sbb
27 Ocak 2016 Tarihli Görüşme,/wp-content/uploads/2020/02/27-Ocak-2016_PBK_Gorusmeler.pdf,https://www.sbb.gov.tr/wp-content/uploads/2020/02/27-Ocak-2016_PBK_Gorusmeler.pdf,2016-01-27,gorusme,2016,20160127_gorusme_sbb_001.pdf,D:/tbmm-butce-soylem/data/raw/pdf/sbb/20160127_gorusme_sbb_001.pdf,D:/tbmm-butce-soylem/data/raw/txt/sbb/20160127_gorusme_sbb_001.txt,sbb
28 Ocak 2016 Tarihli Görüşme,/wp-content/uploads/2020/02/28-Ocak-2016_PBK_Gorusmeler.pdf,https://www.sbb.gov.tr/wp-content/uploads/2020/02/28-Ocak-2016_PBK_Gorusmeler.pdf,2016-01-28,gorusme,2016,20160128_gorusme_sbb_001.pdf,D:/tbmm-butce-soylem/data/raw/pdf/sbb/20160128_gorusme_sbb_001.pdf,D:/tbmm-butce-soylem/data/raw/txt/sbb/20160128_gorusme_sbb_001.txt,sbb
29 Ocak 2016 Tarihli Görüşme,/wp-content/uploads/2020/02/29-Ocak-2016_PBK_Gorusmeler.pdf,https://www.sbb.gov.tr/wp-content/uploads/2020/02/29-Ocak-2016_PBK_Gorusmeler.pdf,2016-01-29,gorusme,2016,20160129_gorusme_sbb_001.pdf,D:/tbmm-butce-soylem/data/raw/pdf/sbb/20160129_gorusme_sbb_001.pdf,D:/tbmm-butce-soylem/data/raw/txt/sbb/20160129_gorusme_sbb_001.txt,sbb
8 Şubat 2016 Tarihli Görüşme,/wp-content/uploads/2020/02/08-Subat-2016_PBK_Gorusmeler.pdf,https://www.sbb.gov.tr/wp-content/uploads/2020/02/08-Subat-2016_PBK_Gorusmeler.pdf,2016-02-08,gorusme,2016,20160208_gorusme_sbb_001.pdf,D:/tbmm-butce-soylem/data/raw/pdf/sbb/20160208_gorusme_sbb_001.pdf,D:/tbmm-butce-soylem/data/raw/txt/sbb/20160208_gorusme_sbb_001.txt,sbb
9 Şubat 2016 Tarihli Görüşme,/wp-content/uploads/2020/02/09-Subat-2016_PBK_Gorusmeler.pdf,https://www.sbb.gov.tr/wp-content/uploads/2020/02/09-Subat-2016_PBK_Gorusmeler.pdf,2016-02-09,gorusme,2016,20160209_gorusme_sbb_001.pdf,D:/tbmm-butce-soylem/data/raw/pdf/sbb/20160209_gorusme_sbb_001.pdf,D:/tbmm-butce-soylem/data/raw/txt/sbb/20160209_gorusme_sbb_001.txt,sbb
10 Şubat 2016 Tarihli Görüşme,/wp-content/uploads/2020/02/10-Subat-2016_PBK_Gorusmeler.pdf,https://www.sbb.gov.tr/wp-content/uploads/2020/02/10-Subat-2016_PBK_Gorusmeler.pdf,2016-02-10,gorusme,2016,20160210_gorusme_sbb_001.pdf,D:/tbmm-butce-soylem/data/raw/pdf/sbb/20160210_gorusme_sbb_001.pdf,D:/tbmm-butce-soylem/data/raw/txt/sbb/20160210_gorusme_sbb_001.txt,sbb
11 Şubat 2016 Tarihli Görüşme,/wp-content/uploads/2020/02/11-Subat-2016_PBK_Gorusmeler.pdf,https://www.sbb.gov.tr/wp-content/uploads/2020/02/11-Subat-2016_PBK_Gorusmeler.pdf,2016-02-11,gorusme,2016,20160211_gorusme_sbb_001.pdf,D:/tbmm-butce-soylem/data/raw/pdf/sbb/20160211_gorusme_sbb_001.pdf,D:/tbmm-butce-soylem/data/raw/txt/sbb/20160211_gorusme_sbb_001.txt,sbb
12 Şubat 2016 Tarihli Görüşme,/wp-content/uploads/2020/02/12-Subat-2016_PBK_Gorusmeler.pdf,https://www.sbb.gov.tr/wp-content/uploads/2020/02/12-Subat-2016_PBK_Gorusmeler.pdf,2016-02-12,gorusme,2016,20160212_gorusme_sbb_001.pdf,D:/tbmm-butce-soylem/data/raw/pdf/sbb/20160212_gorusme_sbb_001.pdf,D:/tbmm-butce-soylem/data/raw/txt/sbb/20160212_gorusme_sbb_001.txt,sbb
13 Şubat 2016 Tarihli Görüşme,/wp-content/uploads/2020/02/13-Subat-2016_PBK_Gorusmeler.pdf,https://www.sbb.gov.tr/wp-content/uploads/2020/02/13-Subat-2016_PBK_Gorusmeler.pdf,2016-02-13,gorusme,2016,20160213_gorusme_sbb_001.pdf,D:/tbmm-butce-soylem/data/raw/pdf/sbb/20160213_gorusme_sbb_001.pdf,D:/tbmm-butce-soylem/data/raw/txt/sbb/20160213_gorusme_sbb_001.txt,sbb
14 Şubat 2016 Tarihli Görüşme,/wp-content/uploads/2020/02/14-Subat-2016_PBK_Gorusmeler.pdf,https://www.sbb.gov.tr/wp-content/uploads/2020/02/14-Subat-2016_PBK_Gorusmeler.pdf,2016-02-14,gorusme,2016,20160214_gorusme_sbb_001.pdf,D:/tbmm-butce-soylem/data/raw/pdf/sbb/20160214_gorusme_sbb_001.pdf,D:/tbmm-butce-soylem/data/raw/txt/sbb/20160214_gorusme_sbb_001.txt,sbb
15 Şubat 2016 Tarihli Görüşme,/wp-content/uploads/2020/02/15-Subat-2016_PBK_Gorusmeler.pdf,https://www.sbb.gov.tr/wp-content/uploads/2020/02/15-Subat-2016_PBK_Gorusmeler.pdf,2016-02-15,gorusme,2016,20160215_gorusme_sbb_001.pdf,D:/tbmm-butce-soylem/data/raw/pdf/sbb/20160215_gorusme_sbb_001.pdf,D:/tbmm-butce-soylem/data/raw/txt/sbb/20160215_gorusme_sbb_001.txt,sbb
16 Şubat 2016 Tarihli Görüşme,/wp-content/uploads/2020/02/16-Subat-2016_PBK_Gorusmeler.pdf,https://www.sbb.gov.tr/wp-content/uploads/2020/02/16-Subat-2016_PBK_Gorusmeler.pdf,2016-02-16,gorusme,2016,20160216_gorusme_sbb_001.pdf,D:/tbmm-butce-soylem/data/raw/pdf/sbb/20160216_gorusme_sbb_001.pdf,D:/tbmm-butce-soylem/data/raw/txt/sbb/20160216_gorusme_sbb_001.txt,sbb
17 Şubat 2016 Tarihli Görüşme,/wp-content/uploads/2020/02/17-Subat-2016_PBK_GenelGorusmeler.pdf,https://www.sbb.gov.tr/wp-content/uploads/2020/02/17-Subat-2016_PBK_GenelGorusmeler.pdf,2016-02-17,gorusme,2016,20160217_gorusme_sbb_001.pdf,D:/tbmm-butce-soylem/data/raw/pdf/sbb/20160217_gorusme_sbb_001.pdf,D:/tbmm-butce-soylem/data/raw/txt/sbb/20160217_gorusme_sbb_001.txt,sbb
